Team Name,Golfer0,Golfer1,Golfer2,Golfer3,Golfer4,Golfer5,Golfer6,Golfer7,Golfer8,Golfer9,Golfer10,Injury1,Injury2,Injury3,Injury4,Injury5,Injury6,Injury7,Injury8,Injury9,Injury10,Max_Injury_Salary,Sub_Salary,Earnings0,Earnings1,Earnings2,Earnings3,Earnings4,Earnings5,Earnings6,Earnings7,Earnings8,Earnings9,Earnings10,Tourney_Nb,Earn_Sum_Tourney,Earn_Sum_YTD,Payout_Sum_YTD,Period,Dates,Payout Tier,Tournament,Pay1,Pay2,Pay3,Pay4,Pay5,Pay6,Pay7,tourney_rank_min,tourney_rank_reverse,tourney_rank_max,pay_sum,weekly_payout
#winning,Patrick Cantlay,Scottie Scheffler,Hideki Matsuyama,Jon Rahm,,,,,,,,0.0,0.0,0.0,0.0,0.0,0.0,0.0,0.0,0.0,0.0,0.0,4.0,0.0,,132675.0,,,,,,,,,1,132675.0,132675.0,0.0,1,Jan 9 - 12,1,Sony Open in Hawaii,35,25,15,10,5,0,0,41.0,31.0,42.0,0,0.0
#winning,Patrick Cantlay,Scottie Scheffler,Hideki Matsuyama,Jon Rahm,,,,,,,,9.25,0.0,0.0,0.0,0.0,0.0,0.0,0.0,0.0,0.0,9.25,4.0,339900.0,,,,,,,,,,,2,339900.0,472575.0,0.0,1,Jan 16 - 19,1,The American Express,35,25,15,10,5,0,0,22.0,50.0,23.0,0,0.0
#winning,Patrick Cantlay,Scottie Scheffler,Hideki Matsuyama,Jon Rahm,,,,,,,,9.25,0.0,0.0,0.0,0.0,0.0,0.0,0.0,0.0,0.0,9.25,4.0,,,52080.0,,,,,,,,,3,52080.0,524655.0,0.0,1,Jan 22 - 25,1,Farmers Insurance Open,35,25,15,10,5,0,0,41.0,29.0,44.0,0,0.0
$14 the Hard Way,Justin Rose,Ludvig Aberg,Sahith Theegala,Tom Kim,Nick Dunlap,Brooks Koepka,Bryson DeChambeau,,,,,0.0,0.0,0.0,0.0,0.0,0.0,0.0,0.0,0.0,0.0,0.0,0.75,0.0,,36975.0,18444.0,195025.0,,,,,,,1,250444.0,250444.0,0.0,1,Jan 9 - 12,1,Sony Open in Hawaii,35,25,15,10,5,0,0,32.0,41.0,32.0,0,0.0
$14 the Hard Way,Justin Rose,Ludvig Aberg,Sahith Theegala,Tom Kim,Nick Dunlap,Brooks Koepka,Bryson DeChambeau,,,,,0.0,0.0,0.0,0.0,0.0,0.0,0.0,0.0,0.0,0.0,0.0,0.75,0.0,,,0.0,42093.0,,,,,,,2,42093.0,292537.0,0.0,1,Jan 16 - 19,1,The American Express,35,25,15,10,5,0,0,56.0,16.0,57.0,0,0.0
$14 the Hard Way,Justin Rose,Ludvig Aberg,Sahith Theegala,Tom Kim,Nick Dunlap,Brooks Koepka,Bryson DeChambeau,,,,,0.0,0.0,0.0,0.0,0.0,0.0,0.0,0.0,0.0,0.0,0.0,0.75,0.0,33945.0,22646.0,,,,,,,,,3,56591.0,349128.0,0.0,1,Jan 22 - 25,1,Farmers Insurance Open,35,25,15,10,5,0,0,40.0,33.0,40.0,0,0.0
19th Hole,Hideki Matsuyama,Collin Morikawa,Ludvig Aberg,Aaron Rai,Bryson DeChambeau,Michael Thorbjornsen,Karl Vilips,,,,,0.0,0.0,0.0,0.0,0.0,0.0,0.0,0.0,0.0,0.0,0.0,4.5,0.0,,,,,,,,,,,1,0.0,0.0,0.0,1,Jan 9 - 12,1,Sony Open in Hawaii,35,25,15,10,5,0,0,65.0,1.0,72.0,0,0.0
19th Hole,Hideki Matsuyama,Collin Morikawa,Ludvig Aberg,Aaron Rai,Bryson DeChambeau,Michael Thorbjornsen,Karl Vilips,,,,,0.0,0.0,0.0,0.0,0.0,0.0,0.0,0.0,0.0,0.0,0.0,4.5,0.0,,,,,0.0,,,,,,2,0.0,0.0,0.0,1,Jan 16 - 19,1,The American Express,35,25,15,10,5,0,0,62.0,1.0,72.0,0,0.0
19th Hole,Hideki Matsuyama,Collin Morikawa,Ludvig Aberg,Aaron Rai,Bryson DeChambeau,Michael Thorbjornsen,Karl Vilips,,,,,0.0,0.0,0.0,0.0,0.0,0.0,0.0,0.0,0.0,0.0,0.0,4.5,0.0,,33945.0,0.0,,0.0,,,,,,3,33945.0,33945.0,0.0,1,Jan 22 - 25,1,Farmers Insurance Open,35,25,15,10,5,0,0,46.0,18.0,55.0,0,0.0
2BallChinPutter,Xander Schauffele,Scottie Scheffler,Rasmus Hojgaard,Rickie Fowler,Matt McCarty,Bryson DeChambeau,Takumi Kanaya,Michael Thorbjornsen,,,,0.0,0.0,0.0,0.0,0.0,0.0,0.0,0.0,0.0,0.0,0.0,6.5,0.0,,,,18444.0,,0.0,,,,,1,18444.0,18444.0,0.0,1,Jan 9 - 12,1,Sony Open in Hawaii,35,25,15,10,5,0,0,62.0,10.0,63.0,0,0.0
2BallChinPutter,Xander Schauffele,Scottie Scheffler,Rasmus Hojgaard,Rickie Fowler,Matt McCarty,Bryson DeChambeau,Takumi Kanaya,Michael Thorbjornsen,,,,9.25,0.0,0.0,0.0,0.0,0.0,0.0,0.0,0.0,0.0,9.25,6.5,,,,83270.0,0.0,,0.0,0.0,,,,2,83270.0,101714.0,0.0,1,Jan 16 - 19,1,The American Express,35,25,15,10,5,0,0,47.0,25.0,48.0,0,0.0
2BallChinPutter,Xander Schauffele,Scottie Scheffler,Rasmus Hojgaard,Rickie Fowler,Matt McCarty,Bryson DeChambeau,Takumi Kanaya,Michael Thorbjornsen,,,,9.25,0.0,0.0,0.0,0.0,0.0,0.0,0.0,0.0,0.0,9.25,6.5,,,,,0.0,,0.0,0.0,,,,3,0.0,101714.0,0.0,1,Jan 22 - 25,1,Farmers Insurance Open,35,25,15,10,5,0,0,66.0,1.0,72.0,0,0.0
3 Finger Pour,Justin Rose,Jhonattan Vegas,Bud Cauley,Russell Henley,Brian Harman,Tom Hoge,Tom Kim,Sahith Theegala,Harris English,Eric Cole,,0.0,0.0,0.0,0.0,0.0,0.0,0.0,0.0,0.0,0.0,0.0,0.75,0.0,,52138.0,195025.0,80088.0,24382.0,18444.0,36975.0,0.0,356700.0,,1,763752.0,763752.0,0.0,1,Jan 9 - 12,1,Sony Open in Hawaii,35,25,15,10,5,0,0,10.0,63.0,10.0,0,0.0
3 Finger Pour,Justin Rose,Jhonattan Vegas,Bud Cauley,Russell Henley,Brian Harman,Tom Hoge,Tom Kim,Sahith Theegala,Harris English,Eric Cole,,0.0,0.0,0.0,0.0,0.0,0.0,0.0,0.0,0.0,0.0,0.0,0.75,0.0,0.0,,,0.0,57640.0,0.0,,27236.0,18304.0,,2,103180.0,866932.0,0.0,1,Jan 16 - 19,1,The American Express,35,25,15,10,5,0,0,44.0,29.0,44.0,0,0.0
3 Finger Pour,Justin Rose,Jhonattan Vegas,Bud Cauley,Russell Henley,Brian Harman,Tom Hoge,Tom Kim,Sahith Theegala,Harris English,Eric Cole,,0.0,0.0,0.0,0.0,0.0,0.0,0.0,0.0,0.0,0.0,0.0,0.75,0.0,33945.0,,,,,,22646.0,1674000.0,19716.0,,3,1750307.0,2617239.0,35.0,1,Jan 22 - 25,1,Farmers Insurance Open,35,25,15,10,5,0,0,1.0,72.0,1.0,35,35.0
6 Footer,Keegan Bradley,Xander Schauffele,Ludvig Aberg,Matt Fitzpatrick,Christiaan Bezuidenhout,,,,,,,0.0,0.0,0.0,0.0,0.0,0.0,0.0,0.0,0.0,0.0,0.0,2.0,0.0,,,,,,,,,,,1,0.0,0.0,0.0,1,Jan 9 - 12,1,Sony Open in Hawaii,35,25,15,10,5,0,0,65.0,1.0,72.0,0,0.0
6 Footer,Keegan Bradley,Xander Schauffele,Ludvig Aberg,Matt Fitzpatrick,Christiaan Bezuidenhout,,,,,,,6.5,0.0,0.0,0.0,0.0,0.0,0.0,0.0,0.0,0.0,6.5,2.0,,,,,0.0,,,,,,,2,0.0,0.0,0.0,1,Jan 16 - 19,1,The American Express,35,25,15,10,5,0,0,62.0,1.0,72.0,0,0.0
6 Footer,Keegan Bradley,Xander Schauffele,Ludvig Aberg,Matt Fitzpatrick,Christiaan Bezuidenhout,,,,,,,6.5,0.0,0.0,0.0,0.0,0.0,0.0,0.0,0.0,0.0,6.5,2.0,132732.0,,33945.0,,,,,,,,,3,166677.0,166677.0,0.0,1,Jan 22 - 25,1,Farmers Insurance Open,35,25,15,10,5,0,0,25.0,46.0,27.0,0,0.0
7,Aaron Rai,Xander Schauffele,Akshay Bhatia,Min Woo Lee,Christiaan Bezuidenhout,Denny McCarthy,Brian Harman,Alex Noren,,,,0.0,0.0,0.0,0.0,0.0,0.0,0.75,0.0,0.0,0.0,0.75,1.25,0.0,,,,,132675.0,80088.0,,,,,1,212763.0,212763.0,0.0,1,Jan 9 - 12,1,Sony Open in Hawaii,35,25,15,10,5,0,0,35.0,38.0,35.0,0,0.0
7,Aaron Rai,Xander Schauffele,Akshay Bhatia,Min Woo Lee,Christiaan Bezuidenhout,Denny McCarthy,Brian Harman,Alex Noren,,,,6.5,0.0,0.0,0.0,0.0,0.0,0.75,0.0,0.0,0.0,6.5,1.25,,,,,0.0,,0.0,,,,,2,0.0,212763.0,0.0,1,Jan 16 - 19,1,The American Express,35,25,15,10,5,0,0,62.0,1.0,72.0,0,0.0
7,Aaron Rai,Xander Schauffele,Akshay Bhatia,Min Woo Lee,Christiaan Bezuidenhout,Denny McCarthy,Brian Harman,Alex Noren,,,,6.5,0.0,0.0,0.0,0.0,0.0,0.75,0.0,0.0,0.0,6.5,1.25,0.0,,,,,,,,,,,3,0.0,212763.0,0.0,1,Jan 22 - 25,1,Farmers Insurance Open,35,25,15,10,5,0,0,66.0,1.0,72.0,0,0.0
7 Iron to the Greener,Alex Noren,Scottie Scheffler,Maverick McNealy,Sepp Straka,Ben Griffin,Austin Eckroat,Chris Kirk,,,,,0.0,0.0,0.0,0.0,0.0,0.0,0.0,0.0,0.0,0.0,0.0,0.75,0.0,,24382.0,52138.0,24382.0,0.0,0.0,,,,,1,100902.0,100902.0,0.0,1,Jan 9 - 12,1,Sony Open in Hawaii,35,25,15,10,5,0,0,43.0,30.0,43.0,0,0.0
7 Iron to the Greener,Alex Noren,Scottie Scheffler,Maverick McNealy,Sepp Straka,Ben Griffin,Austin Eckroat,Chris Kirk,,,,,9.25,0.0,0.0,0.0,0.0,0.0,0.0,0.0,0.0,0.0,9.25,0.75,,,,1584000.0,267300.0,,42093.0,,,,,2,1893393.0,1994295.0,5.0,1,Jan 16 - 19,1,The American Express,35,25,15,10,5,0,0,5.0,68.0,5.0,5,5.0
7 Iron to the Greener,Alex Noren,Scottie Scheffler,Maverick McNealy,Sepp Straka,Ben Griffin,Austin Eckroat,Chris Kirk,,,,,9.25,0.0,0.0,0.0,0.0,0.0,0.0,0.0,0.0,0.0,9.25,0.75,,,22646.0,,0.0,0.0,,,,,,3,22646.0,2016941.0,5.0,1,Jan 22 - 25,1,Farmers Insurance Open,35,25,15,10,5,0,0,56.0,11.0,62.0,0,0.0
72 Holes Guaranteed,Jason Day,Rory McIlroy,Cameron Young,Byeong Hun An,Nick Dunlap,Nicolai Hojgaard,Brooks Koepka,Patrick Rodgers,,,,0.0,0.0,0.0,0.0,0.0,0.0,0.0,0.0,0.0,0.0,0.0,1.75,0.0,,,0.0,195025.0,,,0.0,,,,1,195025.0,195025.0,0.0,1,Jan 9 - 12,1,Sony Open in Hawaii,35,25,15,10,5,0,0,36.0,36.0,37.0,0,0.0
72 Holes Guaranteed,Jason Day,Rory McIlroy,Cameron Young,Byeong Hun An,Nick Dunlap,Nicolai Hojgaard,Brooks Koepka,Patrick Rodgers,,,,0.0,0.0,0.0,0.0,0.0,0.0,0.0,0.0,0.0,0.0,0.0,1.75,0.0,,0.0,,42093.0,,,18040.0,,,,2,60133.0,255158.0,0.0,1,Jan 16 - 19,1,The American Express,35,25,15,10,5,0,0,52.0,21.0,52.0,0,0.0
72 Holes Guaranteed,Jason Day,Rory McIlroy,Cameron Young,Byeong Hun An,Nick Dunlap,Nicolai Hojgaard,Brooks Koepka,Patrick Rodgers,,,,0.0,0.0,0.0,0.0,0.0,0.0,0.0,0.0,0.0,0.0,0.0,1.75,0.0,,,,,,,21390.0,,,,3,21390.0,276548.0,0.0,1,Jan 22 - 25,1,Farmers Insurance Open,35,25,15,10,5,0,0,63.0,9.0,64.0,0,0.0
A Rai of Hoge,Min Woo Lee,Collin Morikawa,Hideki Matsuyama,Cam Davis,Aaron Rai,Tom Hoge,Matt Kuchar,,,,,0.0,0.0,0.0,0.0,0.0,0.0,0.0,0.0,0.0,0.0,0.0,1.25,0.0,,132675.0,0.0,,24382.0,80088.0,,,,,1,237145.0,237145.0,0.0,1,Jan 9 - 12,1,Sony Open in Hawaii,35,25,15,10,5,0,0,33.0,40.0,33.0,0,0.0
A Rai of Hoge,Min Woo Lee,Collin Morikawa,Hideki Matsuyama,Cam Davis,Aaron Rai,Tom Hoge,Matt Kuchar,,,,,0.0,0.0,0.0,0.0,0.0,0.0,0.0,0.0,0.0,0.0,0.0,1.25,0.0,,,125400.0,,57640.0,27236.0,,,,,2,210276.0,447421.0,0.0,1,Jan 16 - 19,1,The American Express,35,25,15,10,5,0,0,33.0,40.0,33.0,0,0.0
A Rai of Hoge,Min Woo Lee,Collin Morikawa,Hideki Matsuyama,Cam Davis,Aaron Rai,Tom Hoge,Matt Kuchar,,,,,0.0,0.0,0.0,0.0,0.0,0.0,0.0,0.0,0.0,0.0,0.0,1.25,0.0,,52080.0,,0.0,,,,,,,3,52080.0,499501.0,0.0,1,Jan 22 - 25,1,Farmers Insurance Open,35,25,15,10,5,0,0,41.0,29.0,44.0,0,0.0
Above Par,Jason Day,Xander Schauffele,Russell Henley,Billy Horschel,Robert MacIntyre,Cam Davis,Brian Harman,,,,,0.0,0.0,0.0,0.0,0.0,0.0,0.0,0.0,0.0,0.0,0.0,1.75,0.0,,195025.0,0.0,20387.0,0.0,80088.0,,,,,1,295500.0,295500.0,0.0,1,Jan 9 - 12,1,Sony Open in Hawaii,35,25,15,10,5,0,0,24.0,48.0,25.0,0,0.0
Above Par,Jason Day,Xander Schauffele,Russell Henley,Billy Horschel,Robert MacIntyre,Cam Davis,Brian Harman,,,,,6.5,0.0,0.0,0.0,0.0,0.0,0.0,0.0,0.0,0.0,6.5,1.75,519200.0,,,83270.0,,125400.0,0.0,,,,,2,727870.0,1023370.0,0.0,1,Jan 16 - 19,1,The American Express,35,25,15,10,5,0,0,12.0,61.0,12.0,0,0.0
Above Par,Jason Day,Xander Schauffele,Russell Henley,Billy Horschel,Robert MacIntyre,Cam Davis,Brian Harman,,,,,6.5,0.0,0.0,0.0,0.0,0.0,0.0,0.0,0.0,0.0,6.5,1.75,52080.0,,,,,,,,,,,3,52080.0,1075450.0,0.0,1,Jan 22 - 25,1,Farmers Insurance Open,35,25,15,10,5,0,0,41.0,29.0,44.0,0,0.0
BallsDeep,Byeong Hun An,Sahith Theegala,Shane Lowry,Maverick McNealy,Hideki Matsuyama,Wyndham Clark,,,,,,0.0,0.0,0.0,0.0,0.0,0.0,0.0,0.0,0.0,0.0,0.0,2.25,0.0,36975.0,,24382.0,132675.0,,,,,,,1,194032.0,194032.0,0.0,1,Jan 9 - 12,1,Sony Open in Hawaii,35,25,15,10,5,0,0,38.0,35.0,38.0,0,0.0
BallsDeep,Byeong Hun An,Sahith Theegala,Shane Lowry,Maverick McNealy,Hideki Matsuyama,Wyndham Clark,,,,,,0.0,0.0,0.0,0.0,0.0,0.0,0.0,0.0,0.0,0.0,0.0,2.25,0.0,,,,,0.0,,,,,,2,0.0,194032.0,0.0,1,Jan 16 - 19,1,The American Express,35,25,15,10,5,0,0,62.0,1.0,72.0,0,0.0
BallsDeep,Byeong Hun An,Sahith Theegala,Shane Lowry,Maverick McNealy,Hideki Matsuyama,Wyndham Clark,,,,,,0.0,0.0,0.0,0.0,0.0,0.0,0.0,0.0,0.0,0.0,0.0,2.25,0.0,22646.0,0.0,22646.0,52080.0,,,,,,,3,97372.0,291404.0,0.0,1,Jan 22 - 25,1,Farmers Insurance Open,35,25,15,10,5,0,0,38.0,35.0,38.0,0,0.0
BandonDunes,Alex Noren,Sahith Theegala,Tom Kim,Max Greyserman,Maverick McNealy,Austin Eckroat,Rickie Fowler,Michael Thorbjornsen,Thomas Detry,Luke Clanton,,0.0,0.0,0.0,0.0,0.0,0.0,0.0,0.0,0.0,0.0,0.0,0.75,0.0,36975.0,18444.0,,24382.0,0.0,,,20387.0,,,1,100188.0,100188.0,0.0,1,Jan 9 - 12,1,Sony Open in Hawaii,35,25,15,10,5,0,0,45.0,28.0,45.0,0,0.0
BandonDunes,Alex Noren,Sahith Theegala,Tom Kim,Max Greyserman,Maverick McNealy,Austin Eckroat,Rickie Fowler,Michael Thorbjornsen,Thomas Detry,Luke Clanton,,0.0,0.0,0.0,0.0,0.0,0.0,0.0,0.0,0.0,0.0,0.0,0.75,0.0,,0.0,267300.0,,,83270.0,0.0,,,,2,350570.0,450758.0,0.0,1,Jan 16 - 19,1,The American Express,35,25,15,10,5,0,0,21.0,52.0,21.0,0,0.0
BandonDunes,Alex Noren,Sahith Theegala,Tom Kim,Max Greyserman,Maverick McNealy,Austin Eckroat,Rickie Fowler,Michael Thorbjornsen,Thomas Detry,Luke Clanton,,0.0,0.0,0.0,0.0,0.0,0.0,0.0,0.0,0.0,0.0,0.0,0.75,0.0,22646.0,,25482.0,22646.0,0.0,,0.0,132732.0,,,3,203506.0,654264.0,0.0,1,Jan 22 - 25,1,Farmers Insurance Open,35,25,15,10,5,0,0,23.0,50.0,23.0,0,0.0
Bears Birdie Club,Max Greyserman,Ludvig Aberg,Tony Finau,Nick Dunlap,Matt McCarty,Taylor Pendrith,Michael Thorbjornsen,Nico Echavarria,Karl Vilips,,,0.0,0.0,0.0,0.0,0.0,0.0,0.0,0.0,0.0,0.0,0.0,2.25,0.0,,,195025.0,18444.0,24382.0,,948300.0,,,,1,1186151.0,1186151.0,0.0,1,Jan 9 - 12,1,Sony Open in Hawaii,35,25,15,10,5,0,0,6.0,67.0,6.0,0,0.0
Bears Birdie Club,Max Greyserman,Ludvig Aberg,Tony Finau,Nick Dunlap,Matt McCarty,Taylor Pendrith,Michael Thorbjornsen,Nico Echavarria,Karl Vilips,,,0.0,0.0,0.0,0.0,0.0,0.0,0.0,0.0,0.0,0.0,0.0,2.25,0.0,,0.0,42093.0,0.0,,0.0,0.0,,,,2,42093.0,1228244.0,0.0,1,Jan 16 - 19,1,The American Express,35,25,15,10,5,0,0,56.0,16.0,57.0,0,0.0
Bears Birdie Club,Max Greyserman,Ludvig Aberg,Tony Finau,Nick Dunlap,Matt McCarty,Taylor Pendrith,Michael Thorbjornsen,Nico Echavarria,Karl Vilips,,,0.0,0.0,0.0,0.0,0.0,0.0,0.0,0.0,0.0,0.0,0.0,2.25,0.0,33945.0,0.0,,0.0,302250.0,0.0,,,,,3,336195.0,1564439.0,0.0,1,Jan 22 - 25,1,Farmers Insurance Open,35,25,15,10,5,0,0,16.0,57.0,16.0,0,0.0
Berkley 8,Jhonattan Vegas,Tony Finau,Sam Burns,Keegan Bradley,Maverick McNealy,Rasmus Hojgaard,Rickie Fowler,Matt McCarty,Adam Hadwin,Matteo Manassero,William Mouw,0.0,0.0,0.0,0.0,0.0,0.0,0.0,0.0,0.0,0.0,0.0,0.75,0.0,,,283838.0,24382.0,,,18444.0,19314.0,,0.0,1,345978.0,345978.0,0.0,1,Jan 9 - 12,1,Sony Open in Hawaii,35,25,15,10,5,0,0,20.0,53.0,20.0,0,0.0
Berkley 8,Jhonattan Vegas,Tony Finau,Sam Burns,Keegan Bradley,Maverick McNealy,Rasmus Hojgaard,Rickie Fowler,Matt McCarty,Adam Hadwin,Matteo Manassero,William Mouw,0.0,0.0,0.0,0.0,0.0,0.0,0.0,0.0,0.0,0.0,0.0,0.75,0.0,0.0,57640.0,,,,83270.0,0.0,0.0,27236.0,0.0,2,168146.0,514124.0,0.0,1,Jan 16 - 19,1,The American Express,35,25,15,10,5,0,0,35.0,38.0,35.0,0,0.0
Berkley 8,Jhonattan Vegas,Tony Finau,Sam Burns,Keegan Bradley,Maverick McNealy,Rasmus Hojgaard,Rickie Fowler,Matt McCarty,Adam Hadwin,Matteo Manassero,William Mouw,0.0,0.0,0.0,0.0,0.0,0.0,0.0,0.0,0.0,0.0,0.0,0.75,0.0,0.0,,132732.0,22646.0,,,0.0,,74068.0,20088.0,3,249534.0,763658.0,0.0,1,Jan 22 - 25,1,Farmers Insurance Open,35,25,15,10,5,0,0,20.0,53.0,20.0,0,0.0
Birdie Boys,Wyndham Clark,Xander Schauffele,Ludvig Aberg,Keegan Bradley,Brian Harman,,,,,,,0.0,0.0,0.0,0.0,0.0,0.0,0.0,0.0,0.0,0.0,0.0,3.75,0.0,,,283838.0,80088.0,,,,,,,1,363926.0,363926.0,0.0,1,Jan 9 - 12,1,Sony Open in Hawaii,35,25,15,10,5,0,0,17.0,55.0,18.0,0,0.0
Birdie Boys,Wyndham Clark,Xander Schauffele,Ludvig Aberg,Keegan Bradley,Brian Harman,,,,,,,6.5,0.0,0.0,0.0,0.0,0.0,0.0,0.0,0.0,0.0,6.5,3.75,0.0,,,,0.0,,,,,,,2,0.0,363926.0,0.0,1,Jan 16 - 19,1,The American Express,35,25,15,10,5,0,0,62.0,1.0,72.0,0,0.0
Birdie Boys,Wyndham Clark,Xander Schauffele,Ludvig Aberg,Keegan Bradley,Brian Harman,,,,,,,6.5,0.0,0.0,0.0,0.0,0.0,0.0,0.0,0.0,0.0,6.5,3.75,,,33945.0,132732.0,,,,,,,,3,166677.0,530603.0,0.0,1,Jan 22 - 25,1,Farmers Insurance Open,35,25,15,10,5,0,0,25.0,46.0,27.0,0,0.0
Blurry Golfers,Tom Hoge,Collin Morikawa,Viktor Hovland,Harris English,Min Woo Lee,Chris Kirk,Doug Ghim,,,,,0.0,0.0,0.0,0.0,0.0,0.0,0.0,0.0,0.0,0.0,0.0,1.25,0.0,,,0.0,,0.0,17226.0,,,,,1,17226.0,17226.0,0.0,1,Jan 9 - 12,1,Sony Open in Hawaii,35,25,15,10,5,0,0,64.0,9.0,64.0,0,0.0
Blurry Golfers,Tom Hoge,Collin Morikawa,Viktor Hovland,Harris English,Min Woo Lee,Chris Kirk,Doug Ghim,,,,,0.0,0.0,0.0,0.0,0.0,0.0,0.0,0.0,0.0,0.0,0.0,1.25,0.0,,,27236.0,,42093.0,83270.0,,,,,2,152599.0,169825.0,0.0,1,Jan 16 - 19,1,The American Express,35,25,15,10,5,0,0,36.0,37.0,36.0,0,0.0
Blurry Golfers,Tom Hoge,Collin Morikawa,Viktor Hovland,Harris English,Min Woo Lee,Chris Kirk,Doug Ghim,,,,,0.0,0.0,0.0,0.0,0.0,0.0,0.0,0.0,0.0,0.0,0.0,1.25,0.0,,,1674000.0,,,0.0,,,,,3,1674000.0,1843825.0,15.0,1,Jan 22 - 25,1,Farmers Insurance Open,35,25,15,10,5,0,0,3.0,70.0,3.0,15,15.0
Bob Loblaw,Justin Rose,Adam Hadwin,Rickie Fowler,Chris Kirk,Joel Dahmen,Viktor Hovland,Will Zalatoris,Matt Fitzpatrick,Kevin Yu,Matthieu Pavon,,0.0,0.0,0.0,0.0,0.0,0.0,0.0,0.0,0.0,0.0,0.0,0.75,0.0,19314.0,,0.0,0.0,,,,,,,1,19314.0,19314.0,0.0,1,Jan 9 - 12,1,Sony Open in Hawaii,35,25,15,10,5,0,0,60.0,12.0,61.0,0,0.0
Bob Loblaw,Justin Rose,Adam Hadwin,Rickie Fowler,Chris Kirk,Joel Dahmen,Viktor Hovland,Will Zalatoris,Matt Fitzpatrick,Kevin Yu,Matthieu Pavon,,0.0,0.0,0.0,0.0,0.0,0.0,0.0,0.0,0.0,0.0,0.0,0.75,0.0,0.0,83270.0,42093.0,0.0,,169400.0,,0.0,,,2,294763.0,314077.0,0.0,1,Jan 16 - 19,1,The American Express,35,25,15,10,5,0,0,26.0,47.0,26.0,0,0.0
Bob Loblaw,Justin Rose,Adam Hadwin,Rickie Fowler,Chris Kirk,Joel Dahmen,Viktor Hovland,Will Zalatoris,Matt Fitzpatrick,Kevin Yu,Matthieu Pavon,,0.0,0.0,0.0,0.0,0.0,0.0,0.0,0.0,0.0,0.0,0.0,0.75,0.0,,,,225525.0,,,,0.0,0.0,,3,225525.0,539602.0,0.0,1,Jan 22 - 25,1,Farmers Insurance Open,35,25,15,10,5,0,0,22.0,51.0,22.0,0,0.0
Busch League,Eric Cole,Xander Schauffele,Tommy Fleetwood,Robert MacIntyre,Aaron Rai,Brian Harman,Nick Dunlap,,,,,0.0,0.0,0.0,0.0,0.0,0.0,0.0,0.0,0.0,0.0,0.0,1.25,0.0,,,20387.0,,80088.0,195025.0,,,,,1,295500.0,295500.0,0.0,1,Jan 9 - 12,1,Sony Open in Hawaii,35,25,15,10,5,0,0,24.0,48.0,25.0,0,0.0
Busch League,Eric Cole,Xander Schauffele,Tommy Fleetwood,Robert MacIntyre,Aaron Rai,Brian Harman,Nick Dunlap,,,,,6.5,0.0,0.0,0.0,0.0,0.0,0.0,0.0,0.0,0.0,6.5,1.25,18304.0,,,,,0.0,42093.0,,,,,2,60397.0,355897.0,0.0,1,Jan 16 - 19,1,The American Express,35,25,15,10,5,0,0,51.0,22.0,51.0,0,0.0
Busch League,Eric Cole,Xander Schauffele,Tommy Fleetwood,Robert MacIntyre,Aaron Rai,Brian Harman,Nick Dunlap,,,,,6.5,0.0,0.0,0.0,0.0,0.0,0.0,0.0,0.0,0.0,6.5,1.25,19716.0,,,,0.0,,,,,,,3,19716.0,375613.0,0.0,1,Jan 22 - 25,1,Farmers Insurance Open,35,25,15,10,5,0,0,65.0,8.0,65.0,0,0.0
Crackem 94,Aaron Rai,Scottie Scheffler,Russell Henley,Tom Hoge,Nick Taylor,Kevin Yu,Chan Kim,,,,,0.0,0.0,0.0,0.0,0.0,0.0,0.0,0.0,0.0,0.0,0.0,1.25,0.0,,195025.0,24382.0,1566000.0,,20387.0,,,,,1,1805794.0,1805794.0,35.0,1,Jan 9 - 12,1,Sony Open in Hawaii,35,25,15,10,5,0,0,1.0,72.0,1.0,35,35.0
Crackem 94,Aaron Rai,Scottie Scheffler,Russell Henley,Tom Hoge,Nick Taylor,Kevin Yu,Chan Kim,,,,,9.25,0.0,0.0,0.0,0.0,0.0,0.0,0.0,0.0,0.0,9.25,1.25,,,,57640.0,169400.0,0.0,0.0,,,,,2,227040.0,2032834.0,35.0,1,Jan 16 - 19,1,The American Express,35,25,15,10,5,0,0,30.0,41.0,32.0,0,0.0
Crackem 94,Aaron Rai,Scottie Scheffler,Russell Henley,Tom Hoge,Nick Taylor,Kevin Yu,Chan Kim,,,,,9.25,0.0,0.0,0.0,0.0,0.0,0.0,0.0,0.0,0.0,9.25,1.25,0.0,,,,,0.0,33945.0,,,,,3,33945.0,2066779.0,35.0,1,Jan 22 - 25,1,Farmers Insurance Open,35,25,15,10,5,0,0,46.0,18.0,55.0,0,0.0
Double Eagles,Maverick McNealy,Scottie Scheffler,Tom Kim,Cam Davis,Jon Rahm,,,,,,,0.0,0.0,0.0,0.0,0.0,0.0,0.0,0.0,0.0,0.0,0.0,1.5,0.0,,18444.0,0.0,,,,,,,,1,18444.0,18444.0,0.0,1,Jan 9 - 12,1,Sony Open in Hawaii,35,25,15,10,5,0,0,62.0,10.0,63.0,0,0.0
Double Eagles,Maverick McNealy,Scottie Scheffler,Tom Kim,Cam Davis,Jon Rahm,,,,,,,9.25,0.0,0.0,0.0,0.0,0.0,0.0,0.0,0.0,0.0,9.25,1.5,,,0.0,125400.0,,,,,,,,2,125400.0,143844.0,0.0,1,Jan 16 - 19,1,The American Express,35,25,15,10,5,0,0,39.0,32.0,41.0,0,0.0
Double Eagles,Maverick McNealy,Scottie Scheffler,Tom Kim,Cam Davis,Jon Rahm,,,,,,,9.25,0.0,0.0,0.0,0.0,0.0,0.0,0.0,0.0,0.0,9.25,1.5,22646.0,,,,,,,,,,,3,22646.0,166490.0,0.0,1,Jan 22 - 25,1,Farmers Insurance Open,35,25,15,10,5,0,0,56.0,11.0,62.0,0,0.0
East West Mics,Matteo Manassero,Xander Schauffele,Will Zalatoris,Rasmus Hojgaard,Frankie Capan III,Aldrich Potgieter,Karl Vilips,Matthew Riedel,Braden Thornberry,Takumi Kanaya,William Mouw,0.0,0.0,0.0,0.0,0.0,0.0,0.0,0.0,0.0,0.0,0.0,0.5,0.0,,,,24382.0,0.0,,,0.0,0.0,0.0,1,24382.0,24382.0,0.0,1,Jan 9 - 12,1,Sony Open in Hawaii,35,25,15,10,5,0,0,55.0,14.0,59.0,0,0.0
East West Mics,Matteo Manassero,Xander Schauffele,Will Zalatoris,Rasmus Hojgaard,Frankie Capan III,Aldrich Potgieter,Karl Vilips,Matthew Riedel,Braden Thornberry,Takumi Kanaya,William Mouw,6.5,0.0,0.0,0.0,0.0,0.0,0.0,0.0,0.0,0.0,6.5,0.5,27236.0,,169400.0,,169400.0,0.0,,21032.0,0.0,0.0,0.0,2,387068.0,411450.0,0.0,1,Jan 16 - 19,1,The American Express,35,25,15,10,5,0,0,17.0,56.0,17.0,0,0.0
East West Mics,Matteo Manassero,Xander Schauffele,Will Zalatoris,Rasmus Hojgaard,Frankie Capan III,Aldrich Potgieter,Karl Vilips,Matthew Riedel,Braden Thornberry,Takumi Kanaya,William Mouw,6.5,0.0,0.0,0.0,0.0,0.0,0.0,0.0,0.0,0.0,6.5,0.5,74068.0,,,,21390.0,132732.0,,0.0,0.0,0.0,20088.0,3,248278.0,659728.0,0.0,1,Jan 22 - 25,1,Farmers Insurance Open,35,25,15,10,5,0,0,21.0,52.0,21.0,0,0.0
El Quatro,Xander Schauffele,Scottie Scheffler,Cameron Young,Jon Rahm,Tom Hoge,,,,,,,0.0,0.0,0.0,0.0,0.0,0.0,0.0,0.0,0.0,0.0,0.0,6.5,0.0,,,,24382.0,,,,,,,1,24382.0,24382.0,0.0,1,Jan 9 - 12,1,Sony Open in Hawaii,35,25,15,10,5,0,0,55.0,14.0,59.0,0,0.0
El Quatro,Xander Schauffele,Scottie Scheffler,Cameron Young,Jon Rahm,Tom Hoge,,,,,,,9.25,0.0,0.0,0.0,0.0,0.0,0.0,0.0,0.0,0.0,9.25,6.5,,,0.0,,57640.0,,,,,,,2,57640.0,82022.0,0.0,1,Jan 16 - 19,1,The American Express,35,25,15,10,5,0,0,53.0,18.0,55.0,0,0.0
El Quatro,Xander Schauffele,Scottie Scheffler,Cameron Young,Jon Rahm,Tom Hoge,,,,,,,9.25,0.0,0.0,0.0,0.0,0.0,0.0,0.0,0.0,0.0,9.25,6.5,,,,,,,,,,,,3,0.0,82022.0,0.0,1,Jan 22 - 25,1,Farmers Insurance Open,35,25,15,10,5,0,0,66.0,1.0,72.0,0,0.0
Ex-Sepp-tional,Scottie Scheffler,Xander Schauffele,Ludvig Aberg,Davis Thompson,Austin Eckroat,Ben Griffin,,,,,,0.0,0.0,0.0,0.0,0.0,0.0,0.0,0.0,0.0,0.0,0.0,9.25,0.0,,,0.0,0.0,24382.0,,,,,,1,24382.0,24382.0,0.0,1,Jan 9 - 12,1,Sony Open in Hawaii,35,25,15,10,5,0,0,55.0,14.0,59.0,0,0.0
Ex-Sepp-tional,Scottie Scheffler,Xander Schauffele,Ludvig Aberg,Davis Thompson,Austin Eckroat,Ben Griffin,,,,,,6.5,0.0,0.0,0.0,0.0,0.0,0.0,0.0,0.0,0.0,6.5,9.25,0.0,,,21032.0,,267300.0,,,,,,2,288332.0,312714.0,0.0,1,Jan 16 - 19,1,The American Express,35,25,15,10,5,0,0,27.0,46.0,27.0,0,0.0
Ex-Sepp-tional,Scottie Scheffler,Xander Schauffele,Ludvig Aberg,Davis Thompson,Austin Eckroat,Ben Griffin,,,,,,6.5,0.0,0.0,0.0,0.0,0.0,0.0,0.0,0.0,0.0,6.5,9.25,0.0,,33945.0,,0.0,0.0,,,,,,3,33945.0,346659.0,0.0,1,Jan 22 - 25,1,Farmers Insurance Open,35,25,15,10,5,0,0,46.0,18.0,55.0,0,0.0
Fore Right,Jordan Spieth,Ludvig Aberg,Viktor Hovland,Robert MacIntyre,Brooks Koepka,Bryson DeChambeau,Lucas Glover,Aaron Rai,,,,0.0,0.0,0.0,0.0,0.0,0.0,0.0,0.0,0.0,0.0,0.0,1.75,0.0,,,20387.0,,,80088.0,,,,,1,100475.0,100475.0,0.0,1,Jan 9 - 12,1,Sony Open in Hawaii,35,25,15,10,5,0,0,44.0,29.0,44.0,0,0.0
Fore Right,Jordan Spieth,Ludvig Aberg,Viktor Hovland,Robert MacIntyre,Brooks Koepka,Bryson DeChambeau,Lucas Glover,Aaron Rai,,,,0.0,0.0,0.0,0.0,0.0,0.0,0.0,0.0,0.0,0.0,0.0,1.75,0.0,,,,,,0.0,,,,,2,0.0,100475.0,0.0,1,Jan 16 - 19,1,The American Express,35,25,15,10,5,0,0,62.0,1.0,72.0,0,0.0
Fore Right,Jordan Spieth,Ludvig Aberg,Viktor Hovland,Robert MacIntyre,Brooks Koepka,Bryson DeChambeau,Lucas Glover,Aaron Rai,,,,0.0,0.0,0.0,0.0,0.0,0.0,0.0,0.0,0.0,0.0,0.0,1.75,0.0,33945.0,,,,,,0.0,,,,3,33945.0,134420.0,0.0,1,Jan 22 - 25,1,Farmers Insurance Open,35,25,15,10,5,0,0,46.0,18.0,55.0,0,0.0
FroZone,Si Woo Kim,Wyndham Clark,Sahith Theegala,Sam Burns,Russell Henley,Shane Lowry,Takumi Kanaya,,,,,0.0,0.0,0.0,0.0,0.0,0.0,0.0,0.0,0.0,0.0,0.0,1.75,0.0,,36975.0,,195025.0,,0.0,,,,,1,232000.0,232000.0,0.0,1,Jan 9 - 12,1,Sony Open in Hawaii,35,25,15,10,5,0,0,34.0,39.0,34.0,0,0.0
FroZone,Si Woo Kim,Wyndham Clark,Sahith Theegala,Sam Burns,Russell Henley,Shane Lowry,Takumi Kanaya,,,,,0.0,0.0,0.0,0.0,0.0,0.0,0.0,0.0,0.0,0.0,0.0,1.75,0.0,0.0,,57640.0,,,0.0,,,,,2,57640.0,289640.0,0.0,1,Jan 16 - 19,1,The American Express,35,25,15,10,5,0,0,53.0,18.0,55.0,0,0.0
FroZone,Si Woo Kim,Wyndham Clark,Sahith Theegala,Sam Burns,Russell Henley,Shane Lowry,Takumi Kanaya,,,,,0.0,0.0,0.0,0.0,0.0,0.0,0.0,0.0,0.0,0.0,0.0,1.75,0.0,,22646.0,,,0.0,0.0,,,,,3,22646.0,312286.0,0.0,1,Jan 22 - 25,1,Farmers Insurance Open,35,25,15,10,5,0,0,56.0,11.0,62.0,0,0.0
Gamechanger,Kevin Yu,Wyndham Clark,Tom Kim,Keegan Bradley,Eric Cole,Brian Harman,Chris Kirk,Rickie Fowler,Stephan Jaeger,Justin Rose,Matthieu Pavon,0.0,0.0,0.0,0.0,0.0,0.0,0.0,0.0,0.0,0.0,0.0,0.75,0.0,,18444.0,283838.0,356700.0,80088.0,0.0,,513300.0,,,1,1252370.0,1252370.0,15.0,1,Jan 9 - 12,1,Sony Open in Hawaii,35,25,15,10,5,0,0,3.0,70.0,3.0,15,15.0
Gamechanger,Kevin Yu,Wyndham Clark,Tom Kim,Keegan Bradley,Eric Cole,Brian Harman,Chris Kirk,Rickie Fowler,Stephan Jaeger,Justin Rose,Matthieu Pavon,0.0,0.0,0.0,0.0,0.0,0.0,0.0,0.0,0.0,0.0,0.0,0.75,0.0,0.0,0.0,,18304.0,0.0,42093.0,83270.0,,,,2,143667.0,1396037.0,15.0,1,Jan 16 - 19,1,The American Express,35,25,15,10,5,0,0,37.0,36.0,37.0,0,0.0
Gamechanger,Kevin Yu,Wyndham Clark,Tom Kim,Keegan Bradley,Eric Cole,Brian Harman,Chris Kirk,Rickie Fowler,Stephan Jaeger,Justin Rose,Matthieu Pavon,0.0,0.0,0.0,0.0,0.0,0.0,0.0,0.0,0.0,0.0,0.0,0.75,0.0,,,132732.0,19716.0,,,,0.0,0.0,0.0,3,152448.0,1548485.0,15.0,1,Jan 22 - 25,1,Farmers Insurance Open,35,25,15,10,5,0,0,28.0,44.0,29.0,0,0.0
Garden State Golf Club,Maverick McNealy,Sahith Theegala,Max Homa,Akshay Bhatia,Nick Dunlap,Matt McCarty,Nico Echavarria,Billy Horschel,,,,0.0,0.0,0.0,0.0,0.0,0.0,0.0,0.0,0.0,0.0,0.0,1.5,0.0,36975.0,,,195025.0,18444.0,948300.0,0.0,,,,1,1198744.0,1198744.0,10.0,1,Jan 9 - 12,1,Sony Open in Hawaii,35,25,15,10,5,0,0,4.0,69.0,4.0,10,10.0
Garden State Golf Club,Maverick McNealy,Sahith Theegala,Max Homa,Akshay Bhatia,Nick Dunlap,Matt McCarty,Nico Echavarria,Billy Horschel,,,,0.0,0.0,0.0,0.0,0.0,0.0,0.0,0.0,0.0,0.0,0.0,1.5,0.0,,,,42093.0,0.0,0.0,83270.0,,,,2,125363.0,1324107.0,10.0,1,Jan 16 - 19,1,The American Express,35,25,15,10,5,0,0,42.0,31.0,42.0,0,0.0
Garden State Golf Club,Maverick McNealy,Sahith Theegala,Max Homa,Akshay Bhatia,Nick Dunlap,Matt McCarty,Nico Echavarria,Billy Horschel,,,,0.0,0.0,0.0,0.0,0.0,0.0,0.0,0.0,0.0,0.0,0.0,1.5,0.0,22646.0,0.0,,,0.0,,,,,,3,22646.0,1346753.0,10.0,1,Jan 22 - 25,1,Farmers Insurance Open,35,25,15,10,5,0,0,56.0,11.0,62.0,0,0.0
General Patton's Troops,Jake Knapp,Ludvig Aberg,Patrick Cantlay,Harris English,Maverick McNealy,Brian Harman,Stephan Jaeger,Patton Kizzire,Patrick Fishburn,,,0.0,0.0,0.0,0.0,0.0,0.0,0.0,0.0,0.0,0.0,0.0,0.5,0.0,,,0.0,24382.0,80088.0,513300.0,0.0,283838.0,,,1,901608.0,901608.0,0.0,1,Jan 9 - 12,1,Sony Open in Hawaii,35,25,15,10,5,0,0,8.0,65.0,8.0,0,0.0
General Patton's Troops,Jake Knapp,Ludvig Aberg,Patrick Cantlay,Harris English,Maverick McNealy,Brian Harman,Stephan Jaeger,Patton Kizzire,Patrick Fishburn,,,0.0,0.0,0.0,0.0,0.0,0.0,0.0,0.0,0.0,0.0,0.0,0.5,0.0,,339900.0,27236.0,,0.0,,0.0,0.0,,,2,367136.0,1268744.0,0.0,1,Jan 16 - 19,1,The American Express,35,25,15,10,5,0,0,20.0,53.0,20.0,0,0.0
General Patton's Troops,Jake Knapp,Ludvig Aberg,Patrick Cantlay,Harris English,Maverick McNealy,Brian Harman,Stephan Jaeger,Patton Kizzire,Patrick Fishburn,,,0.0,0.0,0.0,0.0,0.0,0.0,0.0,0.0,0.0,0.0,0.0,0.5,0.0,33945.0,,1674000.0,22646.0,,0.0,,0.0,,,3,1730591.0,2999335.0,25.0,1,Jan 22 - 25,1,Farmers Insurance Open,35,25,15,10,5,0,0,2.0,71.0,2.0,25,25.0
Gimme Dat,Christiaan Bezuidenhout,Collin Morikawa,Justin Thomas,Aaron Rai,Russell Henley,Rasmus Hojgaard,,,,,,0.0,0.0,0.0,0.0,0.0,0.0,0.0,0.0,0.0,0.0,0.0,1.25,0.0,,,,195025.0,,,,,,,1,195025.0,195025.0,0.0,1,Jan 9 - 12,1,Sony Open in Hawaii,35,25,15,10,5,0,0,36.0,36.0,37.0,0,0.0
Gimme Dat,Christiaan Bezuidenhout,Collin Morikawa,Justin Thomas,Aaron Rai,Russell Henley,Rasmus Hojgaard,,,,,,0.0,0.0,0.0,0.0,0.0,0.0,0.0,0.0,0.0,0.0,0.0,1.25,0.0,,959200.0,,,,,,,,,2,959200.0,1154225.0,0.0,1,Jan 16 - 19,1,The American Express,35,25,15,10,5,0,0,11.0,62.0,11.0,0,0.0
Gimme Dat,Christiaan Bezuidenhout,Collin Morikawa,Justin Thomas,Aaron Rai,Russell Henley,Rasmus Hojgaard,,,,,,0.0,0.0,0.0,0.0,0.0,0.0,0.0,0.0,0.0,0.0,0.0,1.25,0.0,,,0.0,,,,,,,,3,0.0,1154225.0,0.0,1,Jan 22 - 25,1,Farmers Insurance Open,35,25,15,10,5,0,0,66.0,1.0,72.0,0,0.0
Go back to your shanties!,Adam Hadwin,Viktor Hovland,Tommy Fleetwood,Jason Day,Rasmus Hojgaard,Christiaan Bezuidenhout,Nicolai Hojgaard,Alex Noren,Erik Van Rooyen,Matteo Manassero,,0.0,0.0,0.0,0.0,0.0,0.0,0.75,0.0,0.0,0.0,0.75,0.75,19314.0,,,,,,,,,,,1,19314.0,19314.0,0.0,1,Jan 9 - 12,1,Sony Open in Hawaii,35,25,15,10,5,0,0,60.0,12.0,61.0,0,0.0
Go back to your shanties!,Adam Hadwin,Viktor Hovland,Tommy Fleetwood,Jason Day,Rasmus Hojgaard,Christiaan Bezuidenhout,Nicolai Hojgaard,Alex Noren,Erik Van Rooyen,Matteo Manassero,,0.0,0.0,0.0,0.0,0.0,0.0,0.75,0.0,0.0,0.0,0.75,0.75,0.0,,,519200.0,,0.0,,,,27236.0,,2,546436.0,565750.0,0.0,1,Jan 16 - 19,1,The American Express,35,25,15,10,5,0,0,13.0,60.0,13.0,0,0.0
Go back to your shanties!,Adam Hadwin,Viktor Hovland,Tommy Fleetwood,Jason Day,Rasmus Hojgaard,Christiaan Bezuidenhout,Nicolai Hojgaard,Alex Noren,Erik Van Rooyen,Matteo Manassero,,0.0,0.0,0.0,0.0,0.0,0.0,0.75,0.0,0.0,0.0,0.75,0.75,,,,52080.0,,,,,,74068.0,,3,126148.0,691898.0,0.0,1,Jan 22 - 25,1,Farmers Insurance Open,35,25,15,10,5,0,0,36.0,37.0,36.0,0,0.0
Goin’ Homa,Eric Cole,Aaron Rai,Ludvig Aberg,Tyrrell Hatton,Tom Hoge,Max Homa,Min Woo Lee,Mackenzie Hughes,Stephan Jaeger,,,0.0,0.0,0.0,0.0,0.0,0.0,0.0,0.0,0.0,0.0,0.0,1.25,0.0,,,,24382.0,,,0.0,513300.0,,,1,537682.0,537682.0,0.0,1,Jan 9 - 12,1,Sony Open in Hawaii,35,25,15,10,5,0,0,13.0,60.0,13.0,0,0.0
Goin’ Homa,Eric Cole,Aaron Rai,Ludvig Aberg,Tyrrell Hatton,Tom Hoge,Max Homa,Min Woo Lee,Mackenzie Hughes,Stephan Jaeger,,,0.0,0.0,0.0,0.0,0.0,0.0,0.0,0.0,0.0,0.0,0.0,1.25,0.0,,,,57640.0,,,19712.0,,,,2,77352.0,615034.0,0.0,1,Jan 16 - 19,1,The American Express,35,25,15,10,5,0,0,49.0,24.0,49.0,0,0.0
Goin’ Homa,Eric Cole,Aaron Rai,Ludvig Aberg,Tyrrell Hatton,Tom Hoge,Max Homa,Min Woo Lee,Mackenzie Hughes,Stephan Jaeger,,,0.0,0.0,0.0,0.0,0.0,0.0,0.0,0.0,0.0,0.0,0.0,1.25,0.0,0.0,33945.0,,,0.0,,,0.0,,,3,33945.0,648979.0,0.0,1,Jan 22 - 25,1,Farmers Insurance Open,35,25,15,10,5,0,0,46.0,18.0,55.0,0,0.0
Golf Ball Whacker Guy,Rory McIlroy,Xander Schauffele,Ludvig Aberg,Max Homa,,,,,,,,0.0,0.0,0.0,0.0,0.0,0.0,0.0,0.0,0.0,0.0,0.0,5.5,0.0,,,,,,,,,,,1,0.0,0.0,0.0,1,Jan 9 - 12,1,Sony Open in Hawaii,35,25,15,10,5,0,0,65.0,1.0,72.0,0,0.0
Golf Ball Whacker Guy,Rory McIlroy,Xander Schauffele,Ludvig Aberg,Max Homa,,,,,,,,6.5,0.0,0.0,0.0,0.0,0.0,0.0,0.0,0.0,0.0,6.5,5.5,,,,,,,,,,,,2,0.0,0.0,0.0,1,Jan 16 - 19,1,The American Express,35,25,15,10,5,0,0,62.0,1.0,72.0,0,0.0
Golf Ball Whacker Guy,Rory McIlroy,Xander Schauffele,Ludvig Aberg,Max Homa,,,,,,,,6.5,0.0,0.0,0.0,0.0,0.0,0.0,0.0,0.0,0.0,6.5,5.5,,,33945.0,0.0,,,,,,,,3,33945.0,33945.0,0.0,1,Jan 22 - 25,1,Farmers Insurance Open,35,25,15,10,5,0,0,46.0,18.0,55.0,0,0.0
Good Money After Bad,Scottie Scheffler,Sungjae Im,Sahith Theegala,Sepp Straka,Christiaan Bezuidenhout,Tom Hoge,Chris Kirk,Brian Harman,Adam Hadwin,Ben Griffin,Nick Taylor,0.0,0.0,0.0,0.0,0.0,0.0,0.0,0.0,0.0,0.0,0.0,9.25,0.0,,36975.0,52138.0,,24382.0,0.0,80088.0,19314.0,24382.0,1566000.0,1,1803279.0,1803279.0,25.0,1,Jan 9 - 12,1,Sony Open in Hawaii,35,25,15,10,5,0,0,2.0,71.0,2.0,25,25.0
Good Money After Bad,Scottie Scheffler,Sungjae Im,Sahith Theegala,Sepp Straka,Christiaan Bezuidenhout,Tom Hoge,Chris Kirk,Brian Harman,Adam Hadwin,Ben Griffin,Nick Taylor,0.0,0.0,0.0,0.0,0.0,0.0,0.0,0.0,0.0,0.0,0.0,9.25,0.0,0.0,,1584000.0,0.0,57640.0,42093.0,0.0,0.0,267300.0,169400.0,2,2120433.0,3923712.0,50.0,1,Jan 16 - 19,1,The American Express,35,25,15,10,5,0,0,2.0,71.0,2.0,25,25.0
Good Money After Bad,Scottie Scheffler,Sungjae Im,Sahith Theegala,Sepp Straka,Christiaan Bezuidenhout,Tom Hoge,Chris Kirk,Brian Harman,Adam Hadwin,Ben Griffin,Nick Taylor,0.0,0.0,0.0,0.0,0.0,0.0,0.0,0.0,0.0,0.0,0.0,9.25,0.0,418500.0,22646.0,,,,,,,0.0,,3,441146.0,4364858.0,50.0,1,Jan 22 - 25,1,Farmers Insurance Open,35,25,15,10,5,0,0,10.0,63.0,10.0,0,0.0
Good Ol Boys,Thomas Detry,Hideki Matsuyama,Maverick McNealy,Christiaan Bezuidenhout,Sepp Straka,Jhonattan Vegas,Aaron Rai,Tom Hoge,Stephan Jaeger,Chris Kirk,Taylor Pendrith,0.0,0.0,0.0,0.0,0.0,0.0,0.0,0.0,0.0,0.0,0.0,1.25,0.0,132675.0,24382.0,,52138.0,,,24382.0,513300.0,0.0,24382.0,1,771259.0,771259.0,0.0,1,Jan 9 - 12,1,Sony Open in Hawaii,35,25,15,10,5,0,0,9.0,64.0,9.0,0,0.0
Good Ol Boys,Thomas Detry,Hideki Matsuyama,Maverick McNealy,Christiaan Bezuidenhout,Sepp Straka,Jhonattan Vegas,Aaron Rai,Tom Hoge,Stephan Jaeger,Chris Kirk,Taylor Pendrith,0.0,0.0,0.0,0.0,0.0,0.0,0.0,0.0,0.0,0.0,0.0,1.25,0.0,,,0.0,1584000.0,0.0,,57640.0,,42093.0,,2,1683733.0,2454992.0,0.0,1,Jan 16 - 19,1,The American Express,35,25,15,10,5,0,0,7.0,66.0,7.0,0,0.0
Good Ol Boys,Thomas Detry,Hideki Matsuyama,Maverick McNealy,Christiaan Bezuidenhout,Sepp Straka,Jhonattan Vegas,Aaron Rai,Tom Hoge,Stephan Jaeger,Chris Kirk,Taylor Pendrith,0.0,0.0,0.0,0.0,0.0,0.0,0.0,0.0,0.0,0.0,0.0,1.25,0.0,52080.0,22646.0,,,33945.0,0.0,,0.0,,302250.0,3,410921.0,2865913.0,0.0,1,Jan 22 - 25,1,Farmers Insurance Open,35,25,15,10,5,0,0,11.0,62.0,11.0,0,0.0
Hack to the Future,Brian Harman,Collin Morikawa,Wyndham Clark,Akshay Bhatia,Taylor Pendrith,Austin Eckroat,,,,,,0.0,0.0,0.0,0.0,0.0,0.0,0.0,0.0,0.0,0.0,0.0,1.0,0.0,,,,24382.0,0.0,,,,,,1,24382.0,24382.0,0.0,1,Jan 9 - 12,1,Sony Open in Hawaii,35,25,15,10,5,0,0,55.0,14.0,59.0,0,0.0
Hack to the Future,Brian Harman,Collin Morikawa,Wyndham Clark,Akshay Bhatia,Taylor Pendrith,Austin Eckroat,,,,,,0.0,0.0,0.0,0.0,0.0,0.0,0.0,0.0,0.0,0.0,0.0,1.0,0.0,,0.0,,,,,,,,,2,0.0,24382.0,0.0,1,Jan 16 - 19,1,The American Express,35,25,15,10,5,0,0,62.0,1.0,72.0,0,0.0
Hack to the Future,Brian Harman,Collin Morikawa,Wyndham Clark,Akshay Bhatia,Taylor Pendrith,Austin Eckroat,,,,,,0.0,0.0,0.0,0.0,0.0,0.0,0.0,0.0,0.0,0.0,0.0,1.0,0.0,,,,302250.0,0.0,,,,,,3,302250.0,326632.0,0.0,1,Jan 22 - 25,1,Farmers Insurance Open,35,25,15,10,5,0,0,18.0,54.0,19.0,0,0.0
Hole 6,Keegan Bradley,Justin Thomas,Sungjae Im,Matt Fitzpatrick,Jason Day,Sepp Straka,Taylor Pendrith,Matt McCarty,,,,0.0,0.0,0.0,0.0,0.0,0.0,0.0,0.0,0.0,0.0,0.0,2.0,0.0,,,,,52138.0,24382.0,18444.0,,,,1,94964.0,94964.0,0.0,1,Jan 9 - 12,1,Sony Open in Hawaii,35,25,15,10,5,0,0,48.0,25.0,48.0,0,0.0
Hole 6,Keegan Bradley,Justin Thomas,Sungjae Im,Matt Fitzpatrick,Jason Day,Sepp Straka,Taylor Pendrith,Matt McCarty,,,,0.0,0.0,0.0,0.0,0.0,0.0,0.0,0.0,0.0,0.0,0.0,2.0,0.0,959200.0,0.0,,519200.0,1584000.0,,0.0,,,,2,3062400.0,3157364.0,35.0,1,Jan 16 - 19,1,The American Express,35,25,15,10,5,0,0,1.0,72.0,1.0,35,35.0
Hole 6,Keegan Bradley,Justin Thomas,Sungjae Im,Matt Fitzpatrick,Jason Day,Sepp Straka,Taylor Pendrith,Matt McCarty,,,,0.0,0.0,0.0,0.0,0.0,0.0,0.0,0.0,0.0,0.0,0.0,2.0,0.0,,418500.0,,52080.0,,302250.0,0.0,,,,3,772830.0,3930194.0,35.0,1,Jan 22 - 25,1,Farmers Insurance Open,35,25,15,10,5,0,0,7.0,66.0,7.0,0,0.0
Hunter Crew,Shane Lowry,Matt Fitzpatrick,Wyndham Clark,Keegan Bradley,Rory McIlroy,Billy Horschel,,,,,,0.0,0.0,0.0,0.0,0.0,0.0,0.0,0.0,0.0,0.0,0.0,1.75,0.0,,,283838.0,,0.0,,,,,,1,283838.0,283838.0,0.0,1,Jan 9 - 12,1,Sony Open in Hawaii,35,25,15,10,5,0,0,27.0,45.0,28.0,0,0.0
Hunter Crew,Shane Lowry,Matt Fitzpatrick,Wyndham Clark,Keegan Bradley,Rory McIlroy,Billy Horschel,,,,,,0.0,0.0,0.0,0.0,0.0,0.0,0.0,0.0,0.0,0.0,0.0,1.75,0.0,,0.0,,,83270.0,,,,,,2,83270.0,367108.0,0.0,1,Jan 16 - 19,1,The American Express,35,25,15,10,5,0,0,47.0,25.0,48.0,0,0.0
Hunter Crew,Shane Lowry,Matt Fitzpatrick,Wyndham Clark,Keegan Bradley,Rory McIlroy,Billy Horschel,,,,,,0.0,0.0,0.0,0.0,0.0,0.0,0.0,0.0,0.0,0.0,0.0,1.75,0.0,,,132732.0,,,,,,,,3,132732.0,499840.0,0.0,1,Jan 22 - 25,1,Farmers Insurance Open,35,25,15,10,5,0,0,30.0,39.0,34.0,0,0.0
I know ball,Collin Morikawa,Aaron Rai,Akshay Bhatia,Scottie Scheffler,Si Woo Kim,,,,,,,0.0,0.0,0.0,0.0,0.0,0.0,0.0,0.0,0.0,0.0,0.0,6.0,0.0,,,,0.0,,,,,,,1,0.0,0.0,0.0,1,Jan 9 - 12,1,Sony Open in Hawaii,35,25,15,10,5,0,0,65.0,1.0,72.0,0,0.0
I know ball,Collin Morikawa,Aaron Rai,Akshay Bhatia,Scottie Scheffler,Si Woo Kim,,,,,,,0.0,0.0,9.25,0.0,0.0,0.0,0.0,0.0,0.0,0.0,9.25,6.0,,,,,21032.0,,,,,,,2,21032.0,21032.0,0.0,1,Jan 16 - 19,1,The American Express,35,25,15,10,5,0,0,58.0,12.0,61.0,0,0.0
I know ball,Collin Morikawa,Aaron Rai,Akshay Bhatia,Scottie Scheffler,Si Woo Kim,,,,,,,0.0,0.0,9.25,0.0,0.0,0.0,0.0,0.0,0.0,0.0,9.25,6.0,,0.0,,,0.0,,,,,,,3,0.0,21032.0,0.0,1,Jan 22 - 25,1,Farmers Insurance Open,35,25,15,10,5,0,0,66.0,1.0,72.0,0,0.0
I love broccoli ,Sahith Theegala,Scottie Scheffler,Akshay Bhatia,Shane Lowry,Brian Harman,,,,,,,0.0,0.0,0.0,0.0,0.0,0.0,0.0,0.0,0.0,0.0,0.0,3.5,0.0,,,,80088.0,,,,,,,1,80088.0,80088.0,0.0,1,Jan 9 - 12,1,Sony Open in Hawaii,35,25,15,10,5,0,0,50.0,21.0,52.0,0,0.0
I love broccoli ,Sahith Theegala,Scottie Scheffler,Akshay Bhatia,Shane Lowry,Brian Harman,,,,,,,9.25,0.0,0.0,0.0,0.0,0.0,0.0,0.0,0.0,0.0,9.25,3.5,,,,,0.0,,,,,,,2,0.0,80088.0,0.0,1,Jan 16 - 19,1,The American Express,35,25,15,10,5,0,0,62.0,1.0,72.0,0,0.0
I love broccoli ,Sahith Theegala,Scottie Scheffler,Akshay Bhatia,Shane Lowry,Brian Harman,,,,,,,9.25,0.0,0.0,0.0,0.0,0.0,0.0,0.0,0.0,0.0,9.25,3.5,22646.0,,,0.0,,,,,,,,3,22646.0,102734.0,0.0,1,Jan 22 - 25,1,Farmers Insurance Open,35,25,15,10,5,0,0,56.0,11.0,62.0,0,0.0
In Rory We Trust,Harry Hall,Rory McIlroy,Justin Thomas,Jason Day,Taylor Pendrith,Alex Noren,Ben Griffin,Daniel Berger,Nico Echavarria,,,0.0,0.0,0.0,0.0,0.75,0.0,0.0,0.0,0.0,0.0,0.75,0.75,195025.0,,,,24382.0,,24382.0,0.0,948300.0,,,1,1192089.0,1192089.0,5.0,1,Jan 9 - 12,1,Sony Open in Hawaii,35,25,15,10,5,0,0,5.0,68.0,5.0,5,5.0
In Rory We Trust,Harry Hall,Rory McIlroy,Justin Thomas,Jason Day,Taylor Pendrith,Alex Noren,Ben Griffin,Daniel Berger,Nico Echavarria,,,0.0,0.0,0.0,0.0,0.75,0.0,0.0,0.0,0.0,0.0,0.75,0.75,83270.0,,959200.0,519200.0,,,267300.0,83270.0,0.0,,,2,1912240.0,3104329.0,15.0,1,Jan 16 - 19,1,The American Express,35,25,15,10,5,0,0,4.0,69.0,4.0,10,10.0
In Rory We Trust,Harry Hall,Rory McIlroy,Justin Thomas,Jason Day,Taylor Pendrith,Alex Noren,Ben Griffin,Daniel Berger,Nico Echavarria,,,0.0,0.0,0.0,0.0,0.75,0.0,0.0,0.0,0.0,0.0,0.75,0.75,,,,52080.0,302250.0,,0.0,0.0,,,,3,354330.0,3458659.0,15.0,1,Jan 22 - 25,1,Farmers Insurance Open,35,25,15,10,5,0,0,14.0,59.0,14.0,0,0.0
It Burns When I Pee,Rickie Fowler,Justin Thomas,Sam Burns,Shane Lowry,Maverick McNealy,Tom Hoge,Aaron Rai,Alex Noren,Ben Griffin,Taylor Pendrith,,0.0,0.0,0.0,0.0,0.0,0.0,0.75,0.0,0.0,0.0,0.75,1.0,0.0,,,,24382.0,24382.0,,,24382.0,24382.0,,1,97528.0,97528.0,0.0,1,Jan 9 - 12,1,Sony Open in Hawaii,35,25,15,10,5,0,0,47.0,26.0,47.0,0,0.0
It Burns When I Pee,Rickie Fowler,Justin Thomas,Sam Burns,Shane Lowry,Maverick McNealy,Tom Hoge,Aaron Rai,Alex Noren,Ben Griffin,Taylor Pendrith,,0.0,0.0,0.0,0.0,0.0,0.0,0.75,0.0,0.0,0.0,0.75,1.0,0.0,959200.0,57640.0,,,57640.0,,,267300.0,,,2,1341780.0,1439308.0,0.0,1,Jan 16 - 19,1,The American Express,35,25,15,10,5,0,0,8.0,65.0,8.0,0,0.0
It Burns When I Pee,Rickie Fowler,Justin Thomas,Sam Burns,Shane Lowry,Maverick McNealy,Tom Hoge,Aaron Rai,Alex Noren,Ben Griffin,Taylor Pendrith,,0.0,0.0,0.0,0.0,0.0,0.0,0.75,0.0,0.0,0.0,0.75,1.0,0.0,,,0.0,22646.0,,0.0,,0.0,302250.0,,3,324896.0,1764204.0,0.0,1,Jan 22 - 25,1,Farmers Insurance Open,35,25,15,10,5,0,0,17.0,56.0,17.0,0,0.0
Jackets and Jeans,Cameron Young,Ludvig Aberg,Max Homa,Austin Eckroat,Min Woo Lee,Adam Hadwin,Alex Noren,Cam Davis,Brian Harman,,,0.0,0.0,0.0,0.0,0.0,0.75,0.0,0.0,0.0,0.0,0.75,3.0,0.0,,,0.0,,19314.0,,0.0,80088.0,,,1,99402.0,99402.0,0.0,1,Jan 9 - 12,1,Sony Open in Hawaii,35,25,15,10,5,0,0,46.0,27.0,46.0,0,0.0
Jackets and Jeans,Cameron Young,Ludvig Aberg,Max Homa,Austin Eckroat,Min Woo Lee,Adam Hadwin,Alex Noren,Cam Davis,Brian Harman,,,0.0,0.0,0.0,0.0,0.0,0.75,0.0,0.0,0.0,0.0,0.75,3.0,0.0,,,,,0.0,,125400.0,0.0,,,2,125400.0,224802.0,0.0,1,Jan 16 - 19,1,The American Express,35,25,15,10,5,0,0,39.0,32.0,41.0,0,0.0
Jackets and Jeans,Cameron Young,Ludvig Aberg,Max Homa,Austin Eckroat,Min Woo Lee,Adam Hadwin,Alex Noren,Cam Davis,Brian Harman,,,0.0,0.0,0.0,0.0,0.0,0.75,0.0,0.0,0.0,0.0,0.75,3.0,0.0,33945.0,0.0,0.0,,,,,,,,3,33945.0,258747.0,0.0,1,Jan 22 - 25,1,Farmers Insurance Open,35,25,15,10,5,0,0,46.0,18.0,55.0,0,0.0
John Daly's Fitness Plan,Andrew Novak,Sam Burns,Russell Henley,Shane Lowry,Davis Thompson,Sepp Straka,Tom Hoge,Austin Eckroat,Brian Harman,Alex Noren,Ben Griffin,0.0,0.0,0.0,0.0,0.0,0.0,0.0,0.0,0.75,0.0,0.75,0.5,0.0,,195025.0,,0.0,52138.0,24382.0,0.0,80088.0,,24382.0,1,376015.0,376015.0,0.0,1,Jan 9 - 12,1,Sony Open in Hawaii,35,25,15,10,5,0,0,15.0,58.0,15.0,0,0.0
John Daly's Fitness Plan,Andrew Novak,Sam Burns,Russell Henley,Shane Lowry,Davis Thompson,Sepp Straka,Tom Hoge,Austin Eckroat,Brian Harman,Alex Noren,Ben Griffin,0.0,0.0,0.0,0.0,0.0,0.0,0.0,0.0,0.75,0.0,0.75,0.5,0.0,57640.0,,,21032.0,1584000.0,57640.0,,0.0,,267300.0,2,1987612.0,2363627.0,15.0,1,Jan 16 - 19,1,The American Express,35,25,15,10,5,0,0,3.0,70.0,3.0,15,15.0
John Daly's Fitness Plan,Andrew Novak,Sam Burns,Russell Henley,Shane Lowry,Davis Thompson,Sepp Straka,Tom Hoge,Austin Eckroat,Brian Harman,Alex Noren,Ben Griffin,0.0,0.0,0.0,0.0,0.0,0.0,0.0,0.0,0.75,0.0,0.75,0.5,641700.0,,,0.0,,,,0.0,,,0.0,3,641700.0,3005327.0,15.0,1,Jan 22 - 25,1,Farmers Insurance Open,35,25,15,10,5,0,0,8.0,65.0,8.0,0,0.0
Knaby's,Matthieu Pavon,Hideki Matsuyama,Sahith Theegala,Jordan Spieth,J.T. Poston,Maverick McNealy,Eric Cole,Adam Hadwin,,,,0.0,0.0,0.0,0.0,0.0,0.0,0.0,0.0,0.0,0.0,0.0,0.75,0.0,132675.0,36975.0,,0.0,24382.0,356700.0,19314.0,,,,1,570046.0,570046.0,0.0,1,Jan 9 - 12,1,Sony Open in Hawaii,35,25,15,10,5,0,0,12.0,61.0,12.0,0,0.0
Knaby's,Matthieu Pavon,Hideki Matsuyama,Sahith Theegala,Jordan Spieth,J.T. Poston,Maverick McNealy,Eric Cole,Adam Hadwin,,,,0.0,0.0,0.0,0.0,0.0,0.0,0.0,0.0,0.0,0.0,0.0,0.75,0.0,,,,169400.0,,18304.0,0.0,,,,2,187704.0,757750.0,0.0,1,Jan 16 - 19,1,The American Express,35,25,15,10,5,0,0,34.0,39.0,34.0,0,0.0
Knaby's,Matthieu Pavon,Hideki Matsuyama,Sahith Theegala,Jordan Spieth,J.T. Poston,Maverick McNealy,Eric Cole,Adam Hadwin,,,,0.0,0.0,0.0,0.0,0.0,0.0,0.0,0.0,0.0,0.0,0.0,0.75,0.0,52080.0,22646.0,,,22646.0,19716.0,,,,,3,117088.0,874838.0,0.0,1,Jan 22 - 25,1,Farmers Insurance Open,35,25,15,10,5,0,0,37.0,36.0,37.0,0,0.0
Lincoln Hawk of the Trucker's Division,Akshay Bhatia,Ludvig Aberg,Matt McCarty,Maverick McNealy,Michael Thorbjornsen,Tom Hoge,Nick Dunlap,Thomas Detry,Rasmus Hojgaard,Andrew Novak,,0.0,0.0,0.0,0.0,0.0,0.0,0.0,0.0,0.0,0.0,0.0,2.75,0.0,,18444.0,24382.0,,24382.0,195025.0,20387.0,,0.0,,1,282620.0,282620.0,0.0,1,Jan 9 - 12,1,Sony Open in Hawaii,35,25,15,10,5,0,0,29.0,44.0,29.0,0,0.0
Lincoln Hawk of the Trucker's Division,Akshay Bhatia,Ludvig Aberg,Matt McCarty,Maverick McNealy,Michael Thorbjornsen,Tom Hoge,Nick Dunlap,Thomas Detry,Rasmus Hojgaard,Andrew Novak,,0.0,0.0,0.0,0.0,0.0,0.0,0.0,0.0,0.0,0.0,0.0,2.75,0.0,,0.0,,0.0,57640.0,42093.0,,,0.0,,2,99733.0,382353.0,0.0,1,Jan 16 - 19,1,The American Express,35,25,15,10,5,0,0,45.0,27.0,46.0,0,0.0
Lincoln Hawk of the Trucker's Division,Akshay Bhatia,Ludvig Aberg,Matt McCarty,Maverick McNealy,Michael Thorbjornsen,Tom Hoge,Nick Dunlap,Thomas Detry,Rasmus Hojgaard,Andrew Novak,,0.0,0.0,0.0,0.0,0.0,0.0,0.0,0.0,0.0,0.0,0.0,2.75,0.0,33945.0,0.0,22646.0,0.0,,,132732.0,,641700.0,,3,831023.0,1213376.0,0.0,1,Jan 22 - 25,1,Farmers Insurance Open,35,25,15,10,5,0,0,6.0,67.0,6.0,0,0.0
Lump of Clay,Tommy Fleetwood,Rory McIlroy,Sam Burns,Shane Lowry,Aaron Rai,Alex Noren,Taylor Pendrith,Ben Griffin,Andrew Novak,Patrick Fishburn,,0.0,0.0,0.0,0.0,0.75,0.0,0.0,0.0,0.0,0.0,0.75,2.75,0.0,,,,,,24382.0,24382.0,0.0,283838.0,,1,332602.0,332602.0,0.0,1,Jan 9 - 12,1,Sony Open in Hawaii,35,25,15,10,5,0,0,22.0,51.0,22.0,0,0.0
Lump of Clay,Tommy Fleetwood,Rory McIlroy,Sam Burns,Shane Lowry,Aaron Rai,Alex Noren,Taylor Pendrith,Ben Griffin,Andrew Novak,Patrick Fishburn,,0.0,0.0,0.0,0.0,0.75,0.0,0.0,0.0,0.0,0.0,0.75,2.75,0.0,,57640.0,,,,,267300.0,0.0,0.0,,2,324940.0,657542.0,0.0,1,Jan 16 - 19,1,The American Express,35,25,15,10,5,0,0,24.0,49.0,24.0,0,0.0
Lump of Clay,Tommy Fleetwood,Rory McIlroy,Sam Burns,Shane Lowry,Aaron Rai,Alex Noren,Taylor Pendrith,Ben Griffin,Andrew Novak,Patrick Fishburn,,0.0,0.0,0.0,0.0,0.75,0.0,0.0,0.0,0.0,0.0,0.75,2.75,0.0,,,0.0,0.0,,302250.0,0.0,641700.0,0.0,,3,943950.0,1601492.0,5.0,1,Jan 22 - 25,1,Farmers Insurance Open,35,25,15,10,5,0,0,5.0,68.0,5.0,5,5.0
Mahady,Akshay Bhatia,Xander Schauffele,Ludvig Aberg,Max Homa,,,,,,,,0.0,0.0,0.0,0.0,0.0,0.0,0.0,0.0,0.0,0.0,0.0,2.75,0.0,,,,,,,,,,,1,0.0,0.0,0.0,1,Jan 9 - 12,1,Sony Open in Hawaii,35,25,15,10,5,0,0,65.0,1.0,72.0,0,0.0
Mahady,Akshay Bhatia,Xander Schauffele,Ludvig Aberg,Max Homa,,,,,,,,6.5,0.0,0.0,0.0,0.0,0.0,0.0,0.0,0.0,0.0,6.5,2.75,,,,,,,,,,,,2,0.0,0.0,0.0,1,Jan 16 - 19,1,The American Express,35,25,15,10,5,0,0,62.0,1.0,72.0,0,0.0
Mahady,Akshay Bhatia,Xander Schauffele,Ludvig Aberg,Max Homa,,,,,,,,6.5,0.0,0.0,0.0,0.0,0.0,0.0,0.0,0.0,0.0,6.5,2.75,,,33945.0,0.0,,,,,,,,3,33945.0,33945.0,0.0,1,Jan 22 - 25,1,Farmers Insurance Open,35,25,15,10,5,0,0,46.0,18.0,55.0,0,0.0
MoB Inc,Bryson DeChambeau,Rory McIlroy,Matt Fitzpatrick,Shane Lowry,Davis Thompson,Wyndham Clark,,,,,,0.0,0.0,0.0,0.0,0.0,0.0,0.0,0.0,0.0,0.0,0.0,0.75,0.0,,,,0.0,,,,,,,1,0.0,0.0,0.0,1,Jan 9 - 12,1,Sony Open in Hawaii,35,25,15,10,5,0,0,65.0,1.0,72.0,0,0.0
MoB Inc,Bryson DeChambeau,Rory McIlroy,Matt Fitzpatrick,Shane Lowry,Davis Thompson,Wyndham Clark,,,,,,0.0,0.0,0.0,0.0,0.0,0.0,0.0,0.0,0.0,0.0,0.0,0.75,0.0,,,,21032.0,0.0,,,,,,2,21032.0,21032.0,0.0,1,Jan 16 - 19,1,The American Express,35,25,15,10,5,0,0,58.0,12.0,61.0,0,0.0
MoB Inc,Bryson DeChambeau,Rory McIlroy,Matt Fitzpatrick,Shane Lowry,Davis Thompson,Wyndham Clark,,,,,,0.0,0.0,0.0,0.0,0.0,0.0,0.0,0.0,0.0,0.0,0.0,0.75,0.0,,,0.0,,,,,,,,3,0.0,21032.0,0.0,1,Jan 22 - 25,1,Farmers Insurance Open,35,25,15,10,5,0,0,66.0,1.0,72.0,0,0.0
No Bueno Shank,Tom Hoge,Rory McIlroy,Will Zalatoris,Keegan Bradley,Matt McCarty,Rickie Fowler,Jordan Spieth,,,,,0.0,0.0,0.0,0.0,0.0,0.0,0.0,0.0,0.0,0.0,0.0,1.25,0.0,,,283838.0,18444.0,,,,,,,1,302282.0,302282.0,0.0,1,Jan 9 - 12,1,Sony Open in Hawaii,35,25,15,10,5,0,0,23.0,50.0,23.0,0,0.0
No Bueno Shank,Tom Hoge,Rory McIlroy,Will Zalatoris,Keegan Bradley,Matt McCarty,Rickie Fowler,Jordan Spieth,,,,,0.0,0.0,0.0,0.0,0.0,0.0,0.0,0.0,0.0,0.0,0.0,1.25,0.0,,169400.0,,0.0,83270.0,,,,,,2,252670.0,554952.0,0.0,1,Jan 16 - 19,1,The American Express,35,25,15,10,5,0,0,28.0,45.0,28.0,0,0.0
No Bueno Shank,Tom Hoge,Rory McIlroy,Will Zalatoris,Keegan Bradley,Matt McCarty,Rickie Fowler,Jordan Spieth,,,,,0.0,0.0,0.0,0.0,0.0,0.0,0.0,0.0,0.0,0.0,0.0,1.25,0.0,,,132732.0,0.0,,,,,,,3,132732.0,687684.0,0.0,1,Jan 22 - 25,1,Farmers Insurance Open,35,25,15,10,5,0,0,30.0,39.0,34.0,0,0.0
OTP Sandbaggers,Ben Griffin,Aaron Rai,Adam Schenk,Adam Hadwin,Alex Noren,Billy Horschel,Chris Kirk,Keith Mitchell,Stephan Jaeger,Taylor Pendrith,Xander Schauffele,0.0,0.0,0.0,0.75,0.0,0.0,0.0,0.0,0.0,0.0,0.75,0.5,24382.0,,283838.0,19314.0,,0.0,0.0,52138.0,513300.0,24382.0,,1,917354.0,917354.0,0.0,1,Jan 9 - 12,1,Sony Open in Hawaii,35,25,15,10,5,0,0,7.0,66.0,7.0,0,0.0
OTP Sandbaggers,Ben Griffin,Aaron Rai,Adam Schenk,Adam Hadwin,Alex Noren,Billy Horschel,Chris Kirk,Keith Mitchell,Stephan Jaeger,Taylor Pendrith,Xander Schauffele,0.0,0.0,0.0,0.75,0.0,0.0,0.0,0.0,0.0,6.5,6.5,0.5,267300.0,,0.0,0.0,,83270.0,42093.0,83270.0,,,,2,475933.0,1393287.0,0.0,1,Jan 16 - 19,1,The American Express,35,25,15,10,5,0,0,14.0,59.0,14.0,0,0.0
OTP Sandbaggers,Ben Griffin,Aaron Rai,Adam Schenk,Adam Hadwin,Alex Noren,Billy Horschel,Chris Kirk,Keith Mitchell,Stephan Jaeger,Taylor Pendrith,Xander Schauffele,0.0,0.0,0.0,0.75,0.0,0.0,0.0,0.0,0.0,6.5,6.5,0.5,0.0,0.0,74068.0,,,,,,0.0,302250.0,,3,376318.0,1769605.0,0.0,1,Jan 22 - 25,1,Farmers Insurance Open,35,25,15,10,5,0,0,13.0,60.0,13.0,0,0.0
Q School,Keegan Bradley,Tony Finau,Adam Scott,Brian Harman,Collin Morikawa,Si Woo Kim,Nicolai Hojgaard,,,,,0.0,0.0,0.0,0.0,0.0,0.0,0.0,0.0,0.0,0.0,0.0,2.0,0.0,,,80088.0,,0.0,,,,,,1,80088.0,80088.0,0.0,1,Jan 9 - 12,1,Sony Open in Hawaii,35,25,15,10,5,0,0,50.0,21.0,52.0,0,0.0
Q School,Keegan Bradley,Tony Finau,Adam Scott,Brian Harman,Collin Morikawa,Si Woo Kim,Nicolai Hojgaard,,,,,0.0,0.0,0.0,0.0,0.0,0.0,0.0,0.0,0.0,0.0,0.0,2.0,0.0,0.0,,0.0,,21032.0,,,,,,2,21032.0,101120.0,0.0,1,Jan 16 - 19,1,The American Express,35,25,15,10,5,0,0,58.0,12.0,61.0,0,0.0
Q School,Keegan Bradley,Tony Finau,Adam Scott,Brian Harman,Collin Morikawa,Si Woo Kim,Nicolai Hojgaard,,,,,0.0,0.0,0.0,0.0,0.0,0.0,0.0,0.0,0.0,0.0,0.0,2.0,0.0,0.0,,,,0.0,,,,,,3,0.0,101120.0,0.0,1,Jan 22 - 25,1,Farmers Insurance Open,35,25,15,10,5,0,0,66.0,1.0,72.0,0,0.0
Rat Farts!,Tom Kim,Viktor Hovland,Sam Burns,Akshay Bhatia,Corey Conners,Keegan Bradley,,,,,,0.0,0.0,0.0,0.0,0.0,0.0,0.0,0.0,0.0,0.0,0.0,2.75,0.0,,,,0.0,283838.0,,,,,,1,283838.0,283838.0,0.0,1,Jan 9 - 12,1,Sony Open in Hawaii,35,25,15,10,5,0,0,27.0,45.0,28.0,0,0.0
Rat Farts!,Tom Kim,Viktor Hovland,Sam Burns,Akshay Bhatia,Corey Conners,Keegan Bradley,,,,,,0.0,0.0,0.0,0.0,0.0,0.0,0.0,0.0,0.0,0.0,0.0,2.75,0.0,,57640.0,,,,,,,,,2,57640.0,341478.0,0.0,1,Jan 16 - 19,1,The American Express,35,25,15,10,5,0,0,53.0,18.0,55.0,0,0.0
Rat Farts!,Tom Kim,Viktor Hovland,Sam Burns,Akshay Bhatia,Corey Conners,Keegan Bradley,,,,,,0.0,0.0,0.0,0.0,0.0,0.0,0.0,0.0,0.0,0.0,0.0,2.75,0.0,,,,,132732.0,,,,,,3,132732.0,474210.0,0.0,1,Jan 22 - 25,1,Farmers Insurance Open,35,25,15,10,5,0,0,30.0,39.0,34.0,0,0.0
Rated X,Akshay Bhatia,Xander Schauffele,Billy Horschel,Tom Hoge,Sam Burns,Maverick McNealy,Frankie Capan III,Aldrich Potgieter,,,,0.0,0.0,0.0,0.0,0.0,0.0,0.0,0.0,0.0,0.0,0.0,2.75,0.0,,0.0,24382.0,,24382.0,24382.0,0.0,,,,1,73146.0,73146.0,0.0,1,Jan 9 - 12,1,Sony Open in Hawaii,35,25,15,10,5,0,0,53.0,20.0,53.0,0,0.0
Rated X,Akshay Bhatia,Xander Schauffele,Billy Horschel,Tom Hoge,Sam Burns,Maverick McNealy,Frankie Capan III,Aldrich Potgieter,,,,6.5,0.0,0.0,0.0,0.0,0.0,0.0,0.0,0.0,0.0,6.5,2.75,,,83270.0,57640.0,57640.0,,169400.0,0.0,,,,2,367950.0,441096.0,0.0,1,Jan 16 - 19,1,The American Express,35,25,15,10,5,0,0,19.0,54.0,19.0,0,0.0
Rated X,Akshay Bhatia,Xander Schauffele,Billy Horschel,Tom Hoge,Sam Burns,Maverick McNealy,Frankie Capan III,Aldrich Potgieter,,,,6.5,0.0,0.0,0.0,0.0,0.0,0.0,0.0,0.0,0.0,6.5,2.75,,,,,,22646.0,21390.0,132732.0,,,,3,176768.0,617864.0,0.0,1,Jan 22 - 25,1,Farmers Insurance Open,35,25,15,10,5,0,0,24.0,49.0,24.0,0,0.0
Ricky Strokes,Aaron Rai,Christiaan Bezuidenhout,Cam Davis,Corey Conners,Jhonattan Vegas,Erik van Rooyen,Keegan Bradley,Justin Rose,Matt Fitzpatrick,Jordan Spieth,Robert MacIntyre,0.0,0.0,0.0,0.0,0.0,0.0,0.0,0.0,0.0,0.0,0.0,1.25,0.0,,0.0,0.0,,52138.0,283838.0,,,,20387.0,1,356363.0,356363.0,0.0,1,Jan 9 - 12,1,Sony Open in Hawaii,35,25,15,10,5,0,0,19.0,54.0,19.0,0,0.0
Ricky Strokes,Aaron Rai,Christiaan Bezuidenhout,Cam Davis,Corey Conners,Jhonattan Vegas,Erik van Rooyen,Keegan Bradley,Justin Rose,Matt Fitzpatrick,Jordan Spieth,Robert MacIntyre,0.0,0.0,0.0,0.0,0.0,0.0,0.0,0.0,0.0,0.0,0.0,1.25,0.0,0.0,125400.0,,0.0,0.0,,,,,,2,125400.0,481763.0,0.0,1,Jan 16 - 19,1,The American Express,35,25,15,10,5,0,0,39.0,32.0,41.0,0,0.0
Ricky Strokes,Aaron Rai,Christiaan Bezuidenhout,Cam Davis,Corey Conners,Jhonattan Vegas,Erik van Rooyen,Keegan Bradley,Justin Rose,Matt Fitzpatrick,Jordan Spieth,Robert MacIntyre,0.0,0.0,0.0,0.0,0.0,0.0,0.0,0.0,0.0,0.0,0.0,1.25,0.0,,,,33945.0,0.0,132732.0,0.0,,,,3,166677.0,648440.0,0.0,1,Jan 22 - 25,1,Farmers Insurance Open,35,25,15,10,5,0,0,25.0,46.0,27.0,0,0.0
Sandbagger,Ludvig Aberg,Hideki Matsuyama,Patrick Cantlay,Max Greyserman,Jason Day,Jordan Spieth,Erik van Rooyen,,,,,0.0,0.0,0.0,0.0,0.0,0.0,0.0,0.0,0.0,0.0,0.0,5.25,0.0,132675.0,,,,,52138.0,,,,,1,184813.0,184813.0,0.0,1,Jan 9 - 12,1,Sony Open in Hawaii,35,25,15,10,5,0,0,39.0,34.0,39.0,0,0.0
Sandbagger,Ludvig Aberg,Hideki Matsuyama,Patrick Cantlay,Max Greyserman,Jason Day,Jordan Spieth,Erik van Rooyen,,,,,0.0,0.0,0.0,0.0,0.0,0.0,0.0,0.0,0.0,0.0,0.0,5.25,0.0,,339900.0,267300.0,519200.0,,0.0,,,,,2,1126400.0,1311213.0,0.0,1,Jan 16 - 19,1,The American Express,35,25,15,10,5,0,0,9.0,64.0,9.0,0,0.0
Sandbagger,Ludvig Aberg,Hideki Matsuyama,Patrick Cantlay,Max Greyserman,Jason Day,Jordan Spieth,Erik van Rooyen,,,,,0.0,0.0,0.0,0.0,0.0,0.0,0.0,0.0,0.0,0.0,0.0,5.25,0.0,52080.0,,25482.0,52080.0,,0.0,,,,,3,129642.0,1440855.0,0.0,1,Jan 22 - 25,1,Farmers Insurance Open,35,25,15,10,5,0,0,35.0,38.0,35.0,0,0.0
Sexual Chocolate,Patrick Cantlay,Rory McIlroy,Ludvig Aberg,Davis Thompson,Austin Eckroat,Brian Harman,Daniel Berger,,,,,0.0,0.0,0.0,0.0,0.0,0.0,0.0,0.0,0.0,0.0,0.0,4.0,0.0,,,0.0,0.0,80088.0,0.0,,,,,1,80088.0,80088.0,0.0,1,Jan 9 - 12,1,Sony Open in Hawaii,35,25,15,10,5,0,0,50.0,21.0,52.0,0,0.0
Sexual Chocolate,Patrick Cantlay,Rory McIlroy,Ludvig Aberg,Davis Thompson,Austin Eckroat,Brian Harman,Daniel Berger,,,,,0.0,0.0,0.0,0.0,0.0,0.0,0.0,0.0,0.0,0.0,0.0,4.0,0.0,,,21032.0,,0.0,83270.0,,,,,2,104302.0,184390.0,0.0,1,Jan 16 - 19,1,The American Express,35,25,15,10,5,0,0,43.0,30.0,43.0,0,0.0
Sexual Chocolate,Patrick Cantlay,Rory McIlroy,Ludvig Aberg,Davis Thompson,Austin Eckroat,Brian Harman,Daniel Berger,,,,,0.0,0.0,0.0,0.0,0.0,0.0,0.0,0.0,0.0,0.0,0.0,4.0,0.0,,33945.0,,0.0,,0.0,,,,,3,33945.0,218335.0,0.0,1,Jan 22 - 25,1,Farmers Insurance Open,35,25,15,10,5,0,0,46.0,18.0,55.0,0,0.0
Slog,Alex Noren,Ben Griffin,Sam Burns,Taylor Pendrith,Aaron Rai,Rory McIlroy,Maverick McNealy,Doug Ghim,Thirston Lawrence,Andrew Novak,Takumi Kanaya,0.0,0.0,0.0,0.0,0.0,0.0,0.0,0.0,0.0,0.0,0.0,0.75,0.0,24382.0,,24382.0,,,24382.0,17226.0,,0.0,0.0,1,90372.0,90372.0,0.0,1,Jan 9 - 12,1,Sony Open in Hawaii,35,25,15,10,5,0,0,49.0,24.0,49.0,0,0.0
Slog,Alex Noren,Ben Griffin,Sam Burns,Taylor Pendrith,Aaron Rai,Rory McIlroy,Maverick McNealy,Doug Ghim,Thirston Lawrence,Andrew Novak,Takumi Kanaya,0.0,0.0,0.0,0.0,0.0,0.0,0.0,0.0,0.0,0.0,0.0,0.75,0.0,267300.0,57640.0,,,,,83270.0,,0.0,0.0,2,408210.0,498582.0,0.0,1,Jan 16 - 19,1,The American Express,35,25,15,10,5,0,0,15.0,58.0,15.0,0,0.0
Slog,Alex Noren,Ben Griffin,Sam Burns,Taylor Pendrith,Aaron Rai,Rory McIlroy,Maverick McNealy,Doug Ghim,Thirston Lawrence,Andrew Novak,Takumi Kanaya,0.0,0.0,0.0,0.0,0.0,0.0,0.0,0.0,0.0,0.0,0.0,0.75,0.0,0.0,,302250.0,0.0,,22646.0,0.0,,641700.0,0.0,3,966596.0,1465178.0,10.0,1,Jan 22 - 25,1,Farmers Insurance Open,35,25,15,10,5,0,0,4.0,69.0,4.0,10,10.0
SoCal Hacker,Max Homa,Denny McCarthy,Hideki Matsuyama,Rasmus Hojgaard,Tommy Fleetwood,Tom Hoge,Will Zalatoris,,,,,0.0,0.0,0.0,0.0,0.0,0.0,0.0,0.0,0.0,0.0,0.0,3.25,0.0,132675.0,132675.0,,,24382.0,,,,,,1,289732.0,289732.0,0.0,1,Jan 9 - 12,1,Sony Open in Hawaii,35,25,15,10,5,0,0,26.0,47.0,26.0,0,0.0
SoCal Hacker,Max Homa,Denny McCarthy,Hideki Matsuyama,Rasmus Hojgaard,Tommy Fleetwood,Tom Hoge,Will Zalatoris,,,,,0.0,0.0,0.0,0.0,0.0,0.0,0.0,0.0,0.0,0.0,0.0,3.25,0.0,,,,,57640.0,169400.0,,,,,2,227040.0,516772.0,0.0,1,Jan 16 - 19,1,The American Express,35,25,15,10,5,0,0,30.0,41.0,32.0,0,0.0
SoCal Hacker,Max Homa,Denny McCarthy,Hideki Matsuyama,Rasmus Hojgaard,Tommy Fleetwood,Tom Hoge,Will Zalatoris,,,,,0.0,0.0,0.0,0.0,0.0,0.0,0.0,0.0,0.0,0.0,0.0,3.25,0.0,,52080.0,,,,,,,,,3,52080.0,568852.0,0.0,1,Jan 22 - 25,1,Farmers Insurance Open,35,25,15,10,5,0,0,41.0,29.0,44.0,0,0.0
Son of a Squanch!,Adam Hadwin,Xander Schauffele,Akshay Bhatia,Matt Fitzpatrick,Cam Davis,Patrick Rodgers,Matthieu Pavon,Bryson DeChambeau,,,,0.0,0.0,0.0,0.0,0.0,0.0,0.0,0.0,0.0,0.0,0.0,0.75,0.0,,,,0.0,0.0,,,,,,1,0.0,0.0,0.0,1,Jan 9 - 12,1,Sony Open in Hawaii,35,25,15,10,5,0,0,65.0,1.0,72.0,0,0.0
Son of a Squanch!,Adam Hadwin,Xander Schauffele,Akshay Bhatia,Matt Fitzpatrick,Cam Davis,Patrick Rodgers,Matthieu Pavon,Bryson DeChambeau,,,,6.5,0.0,0.0,0.0,0.0,0.0,0.0,0.0,0.0,0.0,6.5,0.75,0.0,,,,125400.0,18040.0,,,,,,2,143440.0,143440.0,0.0,1,Jan 16 - 19,1,The American Express,35,25,15,10,5,0,0,38.0,35.0,38.0,0,0.0
Son of a Squanch!,Adam Hadwin,Xander Schauffele,Akshay Bhatia,Matt Fitzpatrick,Cam Davis,Patrick Rodgers,Matthieu Pavon,Bryson DeChambeau,,,,6.5,0.0,0.0,0.0,0.0,0.0,0.0,0.0,0.0,0.0,6.5,0.75,,,,,,21390.0,0.0,,,,,3,21390.0,164830.0,0.0,1,Jan 22 - 25,1,Farmers Insurance Open,35,25,15,10,5,0,0,63.0,9.0,64.0,0,0.0
Stay Up!!,Emiliano Grillo,Collin Morikawa,Akshay Bhatia,Jordan Spieth,Eric Cole,Min Woo Lee,Chris Kirk,Beau Hossler,Doug Ghim,,,0.0,0.0,0.0,0.0,0.0,0.0,0.0,0.0,0.0,0.0,0.0,0.5,0.0,,,,356700.0,,0.0,,17226.0,,,1,373926.0,373926.0,0.0,1,Jan 9 - 12,1,Sony Open in Hawaii,35,25,15,10,5,0,0,16.0,57.0,16.0,0,0.0
Stay Up!!,Emiliano Grillo,Collin Morikawa,Akshay Bhatia,Jordan Spieth,Eric Cole,Min Woo Lee,Chris Kirk,Beau Hossler,Doug Ghim,,,0.0,0.0,0.0,0.0,0.0,0.0,0.0,0.0,0.0,0.0,0.0,0.5,0.0,,,,18304.0,,42093.0,169400.0,83270.0,,,2,313067.0,686993.0,0.0,1,Jan 16 - 19,1,The American Express,35,25,15,10,5,0,0,25.0,48.0,25.0,0,0.0
Stay Up!!,Emiliano Grillo,Collin Morikawa,Akshay Bhatia,Jordan Spieth,Eric Cole,Min Woo Lee,Chris Kirk,Beau Hossler,Doug Ghim,,,0.0,0.0,0.0,0.0,0.0,0.0,0.0,0.0,0.0,0.0,0.0,0.5,0.0,,,,19716.0,,,132732.0,0.0,,,3,152448.0,839441.0,0.0,1,Jan 22 - 25,1,Farmers Insurance Open,35,25,15,10,5,0,0,28.0,44.0,29.0,0,0.0
Team Miller Time,Hideki Matsuyama,Xander Schauffele,Ludvig Aberg,Alex Noren,Aaron Rai,Taylor Pendrith,,,,,,0.0,0.0,0.75,0.0,0.0,0.0,0.0,0.0,0.0,0.0,0.75,4.5,0.0,,,,,24382.0,,,,,,1,24382.0,24382.0,0.0,1,Jan 9 - 12,1,Sony Open in Hawaii,35,25,15,10,5,0,0,55.0,14.0,59.0,0,0.0
Team Miller Time,Hideki Matsuyama,Xander Schauffele,Ludvig Aberg,Alex Noren,Aaron Rai,Taylor Pendrith,,,,,,6.5,0.0,0.75,0.0,0.0,0.0,0.0,0.0,0.0,0.0,6.5,4.5,,,,,,,,,,,,2,0.0,24382.0,0.0,1,Jan 16 - 19,1,The American Express,35,25,15,10,5,0,0,62.0,1.0,72.0,0,0.0
Team Miller Time,Hideki Matsuyama,Xander Schauffele,Ludvig Aberg,Alex Noren,Aaron Rai,Taylor Pendrith,,,,,,6.5,0.0,0.75,0.0,0.0,0.0,0.0,0.0,0.0,0.0,6.5,4.5,52080.0,,33945.0,,0.0,302250.0,,,,,,3,388275.0,412657.0,0.0,1,Jan 22 - 25,1,Farmers Insurance Open,35,25,15,10,5,0,0,12.0,61.0,12.0,0,0.0
The Hulkamaniacs,Matt Kuchar,Xander Schauffele,Si Woo Kim,Ben Griffin,Matt McCarty,Corey Conners,Harry Hall,Matthieu Pavon,Thomas Detry,,,0.0,0.0,0.0,0.0,0.0,0.0,0.0,0.0,0.0,0.0,0.0,0.5,0.0,,0.0,24382.0,18444.0,0.0,195025.0,,20387.0,,,1,258238.0,258238.0,0.0,1,Jan 9 - 12,1,Sony Open in Hawaii,35,25,15,10,5,0,0,31.0,42.0,31.0,0,0.0
The Hulkamaniacs,Matt Kuchar,Xander Schauffele,Si Woo Kim,Ben Griffin,Matt McCarty,Corey Conners,Harry Hall,Matthieu Pavon,Thomas Detry,,,6.5,0.0,0.0,0.0,0.0,0.0,0.0,0.0,0.0,0.0,6.5,0.5,27236.0,,21032.0,267300.0,0.0,,83270.0,,,,,2,398838.0,657076.0,0.0,1,Jan 16 - 19,1,The American Express,35,25,15,10,5,0,0,16.0,57.0,16.0,0,0.0
The Hulkamaniacs,Matt Kuchar,Xander Schauffele,Si Woo Kim,Ben Griffin,Matt McCarty,Corey Conners,Harry Hall,Matthieu Pavon,Thomas Detry,,,6.5,0.0,0.0,0.0,0.0,0.0,0.0,0.0,0.0,0.0,6.5,0.5,,,0.0,0.0,0.0,,,0.0,132732.0,,,3,132732.0,789808.0,0.0,1,Jan 22 - 25,1,Farmers Insurance Open,35,25,15,10,5,0,0,30.0,39.0,34.0,0,0.0
Three Out of the Sand,Scottie Scheffler,Austin Eckroat,Denny McCarthy,Davis Thompson,Justin Thomas,Ludvig Aberg,Robert MacIntyre,,,,,0.0,0.0,0.0,0.0,0.0,0.0,0.0,0.0,0.0,0.0,0.0,9.25,0.0,0.0,132675.0,0.0,,,20387.0,,,,,1,153062.0,153062.0,0.0,1,Jan 9 - 12,1,Sony Open in Hawaii,35,25,15,10,5,0,0,40.0,33.0,40.0,0,0.0
Three Out of the Sand,Scottie Scheffler,Austin Eckroat,Denny McCarthy,Davis Thompson,Justin Thomas,Ludvig Aberg,Robert MacIntyre,,,,,0.0,0.0,0.0,0.0,0.0,0.0,0.0,0.0,0.0,0.0,0.0,9.25,0.0,,,21032.0,959200.0,,,,,,,2,980232.0,1133294.0,0.0,1,Jan 16 - 19,1,The American Express,35,25,15,10,5,0,0,10.0,63.0,10.0,0,0.0
Three Out of the Sand,Scottie Scheffler,Austin Eckroat,Denny McCarthy,Davis Thompson,Justin Thomas,Ludvig Aberg,Robert MacIntyre,,,,,0.0,0.0,0.0,0.0,0.0,0.0,0.0,0.0,0.0,0.0,0.0,9.25,0.0,0.0,,,,33945.0,,,,,,3,33945.0,1167239.0,0.0,1,Jan 22 - 25,1,Farmers Insurance Open,35,25,15,10,5,0,0,46.0,18.0,55.0,0,0.0
Titos at the Turn,Patrick Cantlay,Ludvig Aberg,Hideki Matsuyama,Si Woo Kim,Rasmus Hojgaard,Chris Kirk,Michael Thorbjornsen,,,,,0.0,0.0,0.0,0.0,0.0,0.0,0.0,0.0,0.0,0.0,0.0,4.0,0.0,,132675.0,0.0,,0.0,,,,,,1,132675.0,132675.0,0.0,1,Jan 9 - 12,1,Sony Open in Hawaii,35,25,15,10,5,0,0,41.0,31.0,42.0,0,0.0
Titos at the Turn,Patrick Cantlay,Ludvig Aberg,Hideki Matsuyama,Si Woo Kim,Rasmus Hojgaard,Chris Kirk,Michael Thorbjornsen,,,,,0.0,0.0,0.0,0.0,0.0,0.0,0.0,0.0,0.0,0.0,0.0,4.0,0.0,,,21032.0,,42093.0,0.0,,,,,2,63125.0,195800.0,0.0,1,Jan 16 - 19,1,The American Express,35,25,15,10,5,0,0,50.0,23.0,50.0,0,0.0
Titos at the Turn,Patrick Cantlay,Ludvig Aberg,Hideki Matsuyama,Si Woo Kim,Rasmus Hojgaard,Chris Kirk,Michael Thorbjornsen,,,,,0.0,0.0,0.0,0.0,0.0,0.0,0.0,0.0,0.0,0.0,0.0,4.0,0.0,33945.0,52080.0,0.0,,,0.0,,,,,3,86025.0,281825.0,0.0,1,Jan 22 - 25,1,Farmers Insurance Open,35,25,15,10,5,0,0,39.0,34.0,39.0,0,0.0
Turd Ferguson,Shane Lowry,Scottie Scheffler,Sam Burns,Maverick McNealy,Justin Rose,Frankie Capan III,,,,,,0.0,0.0,0.0,0.0,0.0,0.0,0.0,0.0,0.0,0.0,0.0,1.75,0.0,,,24382.0,,24382.0,,,,,,1,48764.0,48764.0,0.0,1,Jan 9 - 12,1,Sony Open in Hawaii,35,25,15,10,5,0,0,54.0,19.0,54.0,0,0.0
Turd Ferguson,Shane Lowry,Scottie Scheffler,Sam Burns,Maverick McNealy,Justin Rose,Frankie Capan III,,,,,,9.25,0.0,0.0,0.0,0.0,0.0,0.0,0.0,0.0,0.0,9.25,1.75,,,57640.0,,,169400.0,,,,,,2,227040.0,275804.0,0.0,1,Jan 16 - 19,1,The American Express,35,25,15,10,5,0,0,30.0,41.0,32.0,0,0.0
Turd Ferguson,Shane Lowry,Scottie Scheffler,Sam Burns,Maverick McNealy,Justin Rose,Frankie Capan III,,,,,,9.25,0.0,0.0,0.0,0.0,0.0,0.0,0.0,0.0,0.0,9.25,1.75,0.0,,,22646.0,0.0,21390.0,,,,,,3,44036.0,319840.0,0.0,1,Jan 22 - 25,1,Farmers Insurance Open,35,25,15,10,5,0,0,45.0,28.0,45.0,0,0.0
WVU69,Taylor Moore,Austin Eckroat,Corey Conners,Eric Cole,Matt McCarty,Nick Dunlap,Sam Burns,Sepp Straka,Taylor Pendrith,Maverick McNealy,,0.0,0.0,0.0,0.0,0.0,0.0,0.0,0.0,0.0,0.0,0.0,0.5,0.0,0.0,0.0,356700.0,18444.0,195025.0,,52138.0,24382.0,24382.0,,1,671071.0,671071.0,0.0,1,Jan 9 - 12,1,Sony Open in Hawaii,35,25,15,10,5,0,0,11.0,62.0,11.0,0,0.0
WVU69,Taylor Moore,Austin Eckroat,Corey Conners,Eric Cole,Matt McCarty,Nick Dunlap,Sam Burns,Sepp Straka,Taylor Pendrith,Maverick McNealy,,0.0,0.0,0.0,0.0,0.0,0.0,0.0,0.0,0.0,0.0,0.0,0.5,0.0,,,18304.0,0.0,42093.0,57640.0,1584000.0,,,,2,1702037.0,2373108.0,0.0,1,Jan 16 - 19,1,The American Express,35,25,15,10,5,0,0,6.0,67.0,6.0,0,0.0
WVU69,Taylor Moore,Austin Eckroat,Corey Conners,Eric Cole,Matt McCarty,Nick Dunlap,Sam Burns,Sepp Straka,Taylor Pendrith,Maverick McNealy,,0.0,0.0,0.0,0.0,0.0,0.0,0.0,0.0,0.0,0.0,0.0,0.5,0.0,0.0,,19716.0,0.0,,,,302250.0,22646.0,,3,344612.0,2717720.0,0.0,1,Jan 22 - 25,1,Farmers Insurance Open,35,25,15,10,5,0,0,15.0,58.0,15.0,0,0.0
Walking Bogey,Taylor Pendrith,Ludvig Aberg,Sungjae Im,Maverick McNealy,Davis Thompson,Austin Eckroat,Harry Hall,Ben Griffin,Patrick Fishburn,,,0.0,0.0,0.0,0.0,0.0,0.0,0.0,0.0,0.0,0.0,0.0,1.25,0.0,,,24382.0,0.0,0.0,195025.0,24382.0,283838.0,,,1,527627.0,527627.0,0.0,1,Jan 9 - 12,1,Sony Open in Hawaii,35,25,15,10,5,0,0,14.0,59.0,14.0,0,0.0
Walking Bogey,Taylor Pendrith,Ludvig Aberg,Sungjae Im,Maverick McNealy,Davis Thompson,Austin Eckroat,Harry Hall,Ben Griffin,Patrick Fishburn,,,0.0,0.0,0.0,0.0,0.0,0.0,0.0,0.0,0.0,0.0,0.0,1.25,0.0,,0.0,,21032.0,,83270.0,267300.0,0.0,,,2,371602.0,899229.0,0.0,1,Jan 16 - 19,1,The American Express,35,25,15,10,5,0,0,18.0,55.0,18.0,0,0.0
Walking Bogey,Taylor Pendrith,Ludvig Aberg,Sungjae Im,Maverick McNealy,Davis Thompson,Austin Eckroat,Harry Hall,Ben Griffin,Patrick Fishburn,,,0.0,0.0,0.0,0.0,0.0,0.0,0.0,0.0,0.0,0.0,0.0,1.25,0.0,33945.0,418500.0,22646.0,,0.0,,0.0,0.0,,,3,475091.0,1374320.0,0.0,1,Jan 22 - 25,1,Farmers Insurance Open,35,25,15,10,5,0,0,9.0,64.0,9.0,0,0.0
Who's Up and Why Aren't They Hitting,Sahith Theegala,Scottie Scheffler,Patrick Cantlay,Shane Lowry,,,,,,,,0.0,0.0,0.0,0.0,0.0,0.0,0.0,0.0,0.0,0.0,0.0,3.5,0.0,,,,,,,,,,,1,0.0,0.0,0.0,1,Jan 9 - 12,1,Sony Open in Hawaii,35,25,15,10,5,0,0,65.0,1.0,72.0,0,0.0
Who's Up and Why Aren't They Hitting,Sahith Theegala,Scottie Scheffler,Patrick Cantlay,Shane Lowry,,,,,,,,9.25,0.0,0.0,0.0,0.0,0.0,0.0,0.0,0.0,0.0,9.25,3.5,,,339900.0,,,,,,,,,2,339900.0,339900.0,0.0,1,Jan 16 - 19,1,The American Express,35,25,15,10,5,0,0,22.0,50.0,23.0,0,0.0
Who's Up and Why Aren't They Hitting,Sahith Theegala,Scottie Scheffler,Patrick Cantlay,Shane Lowry,,,,,,,,9.25,0.0,0.0,0.0,0.0,0.0,0.0,0.0,0.0,0.0,9.25,3.5,22646.0,,,0.0,,,,,,,,3,22646.0,362546.0,0.0,1,Jan 22 - 25,1,Farmers Insurance Open,35,25,15,10,5,0,0,56.0,11.0,62.0,0,0.0
Wrecking Crew,Davis Thompson,Xander Schauffele,Akshay Bhatia,Brian Harman,Jordan Spieth,Keegan Bradley,Michael Thorbjornsen,,,,,0.0,0.0,0.0,0.0,0.0,0.0,0.0,0.0,0.0,0.0,0.0,1.5,0.0,,,80088.0,,283838.0,,,,,,1,363926.0,363926.0,0.0,1,Jan 9 - 12,1,Sony Open in Hawaii,35,25,15,10,5,0,0,17.0,55.0,18.0,0,0.0
Wrecking Crew,Davis Thompson,Xander Schauffele,Akshay Bhatia,Brian Harman,Jordan Spieth,Keegan Bradley,Michael Thorbjornsen,,,,,6.5,0.0,0.0,0.0,0.0,0.0,0.0,0.0,0.0,0.0,6.5,1.5,21032.0,,,0.0,,,0.0,,,,,2,21032.0,384958.0,0.0,1,Jan 16 - 19,1,The American Express,35,25,15,10,5,0,0,58.0,12.0,61.0,0,0.0
Wrecking Crew,Davis Thompson,Xander Schauffele,Akshay Bhatia,Brian Harman,Jordan Spieth,Keegan Bradley,Michael Thorbjornsen,,,,,6.5,0.0,0.0,0.0,0.0,0.0,0.0,0.0,0.0,0.0,6.5,1.5,,,,,,132732.0,0.0,,,,,3,132732.0,517690.0,0.0,1,Jan 22 - 25,1,Farmers Insurance Open,35,25,15,10,5,0,0,30.0,39.0,34.0,0,0.0
Young Guns,Chris Kirk,Akshay Bhatia,Matt Fitzpatrick,Nick Dunlap,Robert MacIntyre,Christiaan Bezuidenhout,Taylor Pendrith,Aaron Rai,Tom Hoge,Brian Harman,Matthieu Pavon,0.0,0.0,0.0,0.0,0.0,0.0,0.0,0.0,0.0,0.0,0.0,1.0,0.0,,,195025.0,20387.0,,24382.0,,24382.0,80088.0,,1,344264.0,344264.0,0.0,1,Jan 9 - 12,1,Sony Open in Hawaii,35,25,15,10,5,0,0,21.0,52.0,21.0,0,0.0
Young Guns,Chris Kirk,Akshay Bhatia,Matt Fitzpatrick,Nick Dunlap,Robert MacIntyre,Christiaan Bezuidenhout,Taylor Pendrith,Aaron Rai,Tom Hoge,Brian Harman,Matthieu Pavon,0.0,0.0,0.0,0.0,0.0,0.0,0.0,0.0,0.0,0.0,0.0,1.0,0.0,,,42093.0,,0.0,,,57640.0,0.0,,2,99733.0,443997.0,0.0,1,Jan 16 - 19,1,The American Express,35,25,15,10,5,0,0,45.0,27.0,46.0,0,0.0
Young Guns,Chris Kirk,Akshay Bhatia,Matt Fitzpatrick,Nick Dunlap,Robert MacIntyre,Christiaan Bezuidenhout,Taylor Pendrith,Aaron Rai,Tom Hoge,Brian Harman,Matthieu Pavon,0.0,0.0,0.0,0.0,0.0,0.0,0.0,0.0,0.0,0.0,0.0,1.0,0.0,,,,,,302250.0,0.0,,,0.0,3,302250.0,746247.0,0.0,1,Jan 22 - 25,1,Farmers Insurance Open,35,25,15,10,5,0,0,18.0,54.0,19.0,0,0.0
the Lacey Underalls,Erik van Rooyen,Collin Morikawa,Max Homa,Billy Horschel,Bryson DeChambeau,Maverick McNealy,Rickie Fowler,Harry Hall,,,,0.0,0.0,0.0,0.0,0.0,0.0,0.0,0.0,0.0,0.0,0.0,,52138.0,,,0.0,,24382.0,,195025.0,,,,1,271545.0,271545.0,0.0,1,Jan 9 - 12,1,Sony Open in Hawaii,35,25,15,10,5,0,0,30.0,43.0,30.0,0,0.0
the Lacey Underalls,Erik van Rooyen,Collin Morikawa,Max Homa,Billy Horschel,Bryson DeChambeau,Maverick McNealy,Rickie Fowler,Harry Hall,,,,0.0,0.0,0.0,0.0,0.0,0.0,0.0,0.0,0.0,0.0,0.0,,0.0,,,83270.0,,,83270.0,83270.0,,,,2,249810.0,521355.0,0.0,1,Jan 16 - 19,1,The American Express,35,25,15,10,5,0,0,29.0,44.0,29.0,0,0.0
the Lacey Underalls,Erik van Rooyen,Collin Morikawa,Max Homa,Billy Horschel,Bryson DeChambeau,Maverick McNealy,Rickie Fowler,Harry Hall,,,,0.0,0.0,0.0,0.0,0.0,0.0,0.0,0.0,0.0,0.0,0.0,,0.0,,0.0,,,22646.0,,,,,,3,22646.0,544001.0,0.0,1,Jan 22 - 25,1,Farmers Insurance Open,35,25,15,10,5,0,0,56.0,11.0,62.0,0,0.0
